date_time,temp_C,logger_id
6/26/2020 10:00,20.222,20861027
6/26/2020 10:15,20.388,20861027
6/26/2020 10:30,21.151,20861027
6/26/2020 10:45,21.772,20861027
6/26/2020 11:00,22.872,20861027
6/26/2020 11:15,23.472,20861027
6/26/2020 11:30,22.585,20861027
6/26/2020 11:45,22.13,20861027
6/26/2020 12:00,21.843,20861027
6/26/2020 12:15,21.604,20861027
6/26/2020 12:30,22.011,20861027
6/26/2020 12:45,23.376,20861027
6/26/2020 13:00,25.283,20861027
6/26/2020 13:15,25.671,20861027
6/26/2020 13:30,25.234,20861027
6/26/2020 13:45,25.623,20861027
6/26/2020 14:00,26.256,20861027
6/26/2020 14:15,26.72,20861027
6/26/2020 14:30,26.207,20861027
6/26/2020 14:45,26.061,20861027
6/26/2020 15:00,25.55,20861027
6/26/2020 15:15,25.477,20861027
6/26/2020 15:30,27.038,20861027
6/26/2020 15:45,28.419,20861027
6/26/2020 16:00,27.456,20861027
6/26/2020 16:15,26.818,20861027
6/26/2020 16:30,26.231,20861027
6/26/2020 16:45,24.944,20861027
6/26/2020 17:00,24.339,20861027
6/26/2020 17:15,23.978,20861027
6/26/2020 17:30,23.737,20861027
6/26/2020 17:45,23.569,20861027
6/26/2020 18:00,23.448,20861027
6/26/2020 18:15,23.352,20861027
6/26/2020 18:30,23.28,20861027
6/26/2020 18:45,23.232,20861027
6/26/2020 19:00,23.184,20861027
6/26/2020 19:15,23.136,20861027
6/26/2020 19:30,23.112,20861027
6/26/2020 19:45,23.088,20861027
6/26/2020 20:00,23.064,20861027
6/26/2020 20:15,23.016,20861027
6/26/2020 20:30,23.016,20861027
6/26/2020 20:45,22.992,20861027
6/26/2020 21:00,22.968,20861027
6/26/2020 21:15,22.92,20861027
6/26/2020 21:30,22.896,20861027
6/26/2020 21:45,22.872,20861027
6/26/2020 22:00,22.848,20861027
6/26/2020 22:15,22.824,20861027
6/26/2020 22:30,22.824,20861027
6/26/2020 22:45,22.8,20861027
6/26/2020 23:00,22.776,20861027
6/26/2020 23:15,22.776,20861027
6/26/2020 23:30,22.753,20861027
6/26/2020 23:45,22.729,20861027
6/27/2020 0:00,22.729,20861027
6/27/2020 0:15,22.681,20861027
6/27/2020 0:30,22.681,20861027
6/27/2020 0:45,22.657,20861027
6/27/2020 1:00,22.657,20861027
6/27/2020 1:15,22.657,20861027
6/27/2020 1:30,22.657,20861027
6/27/2020 1:45,22.657,20861027
6/27/2020 2:00,22.657,20861027
6/27/2020 2:15,22.657,20861027
6/27/2020 2:30,22.657,20861027
6/27/2020 2:45,22.657,20861027
6/27/2020 3:00,22.657,20861027
6/27/2020 3:15,22.633,20861027
6/27/2020 3:30,22.633,20861027
6/27/2020 3:45,22.609,20861027
6/27/2020 4:00,22.609,20861027
6/27/2020 4:15,22.609,20861027
6/27/2020 4:30,22.609,20861027
6/27/2020 4:45,22.609,20861027
6/27/2020 5:00,22.609,20861027
6/27/2020 5:15,22.609,20861027
6/27/2020 5:30,22.585,20861027
6/27/2020 5:45,22.585,20861027
6/27/2020 6:00,22.561,20861027
6/27/2020 6:15,22.561,20861027
6/27/2020 6:30,22.537,20861027
6/27/2020 6:45,22.537,20861027
6/27/2020 7:00,22.537,20861027
6/27/2020 7:15,22.537,20861027
6/27/2020 7:30,22.537,20861027
6/27/2020 7:45,22.537,20861027
6/27/2020 8:00,22.537,20861027
6/27/2020 8:15,22.537,20861027
6/27/2020 8:30,22.537,20861027
6/27/2020 8:45,22.537,20861027
6/27/2020 9:00,22.513,20861027
6/27/2020 9:15,22.513,20861027
6/27/2020 9:30,22.537,20861027
6/27/2020 9:45,22.537,20861027
6/27/2020 10:00,22.561,20861027
6/27/2020 10:15,22.561,20861027
6/27/2020 10:30,22.561,20861027
6/27/2020 10:45,22.585,20861027
6/27/2020 11:00,22.585,20861027
6/27/2020 11:15,22.585,20861027
6/27/2020 11:30,22.585,20861027
6/27/2020 11:45,22.585,20861027
6/27/2020 12:00,22.585,20861027
6/27/2020 12:15,22.609,20861027
6/27/2020 12:30,22.633,20861027
6/27/2020 12:45,22.633,20861027
6/27/2020 13:00,22.657,20861027
6/27/2020 13:15,22.657,20861027
6/27/2020 13:30,22.681,20861027
6/27/2020 13:45,22.681,20861027
6/27/2020 14:00,22.681,20861027
6/27/2020 14:15,22.681,20861027
6/27/2020 14:30,22.705,20861027
6/27/2020 14:45,22.705,20861027
6/27/2020 15:00,22.729,20861027
6/27/2020 15:15,22.729,20861027
6/27/2020 15:30,22.753,20861027
6/27/2020 15:45,22.753,20861027
6/27/2020 16:00,22.776,20861027
6/27/2020 16:15,22.776,20861027
6/27/2020 16:30,22.776,20861027
6/27/2020 16:45,22.776,20861027
6/27/2020 17:00,22.776,20861027
6/27/2020 17:15,22.776,20861027
6/27/2020 17:30,22.776,20861027
6/27/2020 17:45,22.8,20861027
6/27/2020 18:00,22.8,20861027
6/27/2020 18:15,22.824,20861027
6/27/2020 18:30,22.824,20861027
6/27/2020 18:45,22.824,20861027
6/27/2020 19:00,22.824,20861027
6/27/2020 19:15,22.824,20861027
6/27/2020 19:30,22.824,20861027
6/27/2020 19:45,22.824,20861027
6/27/2020 20:00,22.824,20861027
6/27/2020 20:15,22.824,20861027
6/27/2020 20:30,22.824,20861027
6/27/2020 20:45,22.824,20861027
6/27/2020 21:00,22.824,20861027
6/27/2020 21:15,22.824,20861027
6/27/2020 21:30,22.824,20861027
6/27/2020 21:45,22.824,20861027
6/27/2020 22:00,22.8,20861027
6/27/2020 22:15,22.8,20861027
6/27/2020 22:30,22.8,20861027
6/27/2020 22:45,22.776,20861027
6/27/2020 23:00,22.776,20861027
6/27/2020 23:15,22.776,20861027
6/27/2020 23:30,22.776,20861027
6/27/2020 23:45,22.776,20861027
6/28/2020 0:00,22.776,20861027
6/28/2020 0:15,22.776,20861027
6/28/2020 0:30,22.776,20861027
6/28/2020 0:45,22.776,20861027
6/28/2020 1:00,22.753,20861027
6/28/2020 1:15,22.753,20861027
6/28/2020 1:30,22.729,20861027
6/28/2020 1:45,22.729,20861027
6/28/2020 2:00,22.729,20861027
6/28/2020 2:15,22.729,20861027
6/28/2020 2:30,22.753,20861027
6/28/2020 2:45,22.753,20861027
6/28/2020 3:00,22.753,20861027
6/28/2020 3:15,22.753,20861027
6/28/2020 3:30,22.753,20861027
6/28/2020 3:45,22.729,20861027
6/28/2020 4:00,22.729,20861027
6/28/2020 4:15,22.729,20861027
6/28/2020 4:30,22.705,20861027
6/28/2020 4:45,22.729,20861027
6/28/2020 5:00,22.729,20861027
6/28/2020 5:15,22.729,20861027
6/28/2020 5:30,22.729,20861027
6/28/2020 5:45,22.705,20861027
6/28/2020 6:00,22.729,20861027
6/28/2020 6:15,22.705,20861027
6/28/2020 6:30,22.705,20861027
6/28/2020 6:45,22.705,20861027
6/28/2020 7:00,22.681,20861027
6/28/2020 7:15,22.681,20861027
6/28/2020 7:30,22.681,20861027
6/28/2020 7:45,22.681,20861027
6/28/2020 8:00,22.681,20861027
6/28/2020 8:15,22.681,20861027
6/28/2020 8:30,22.681,20861027
6/28/2020 8:45,22.681,20861027
6/28/2020 9:00,22.681,20861027
6/28/2020 9:15,22.681,20861027
6/28/2020 9:30,22.657,20861027
6/28/2020 9:45,22.657,20861027
6/28/2020 10:00,22.633,20861027
6/28/2020 10:15,22.657,20861027
6/28/2020 10:30,22.657,20861027
6/28/2020 10:45,22.657,20861027
6/28/2020 11:00,22.657,20861027
6/28/2020 11:15,22.681,20861027
6/28/2020 11:30,22.681,20861027
6/28/2020 11:45,22.681,20861027
6/28/2020 12:00,22.681,20861027
6/28/2020 12:15,22.681,20861027
6/28/2020 12:30,22.681,20861027
6/28/2020 12:45,22.681,20861027
6/28/2020 13:00,22.681,20861027
6/28/2020 13:15,22.681,20861027
6/28/2020 13:30,22.681,20861027
6/28/2020 13:45,22.705,20861027
6/28/2020 14:00,22.705,20861027
6/28/2020 14:15,22.705,20861027
6/28/2020 14:30,22.729,20861027
6/28/2020 14:45,22.729,20861027
6/28/2020 15:00,22.729,20861027
6/28/2020 15:15,22.729,20861027
6/28/2020 15:30,22.729,20861027
6/28/2020 15:45,22.729,20861027
6/28/2020 16:00,22.729,20861027
6/28/2020 16:15,22.729,20861027
6/28/2020 16:30,22.753,20861027
6/28/2020 16:45,22.753,20861027
6/28/2020 17:00,22.753,20861027
6/28/2020 17:15,22.776,20861027
6/28/2020 17:30,22.776,20861027
6/28/2020 17:45,22.776,20861027
6/28/2020 18:00,22.776,20861027
6/28/2020 18:15,22.776,20861027
6/28/2020 18:30,22.753,20861027
6/28/2020 18:45,22.776,20861027
6/28/2020 19:00,22.776,20861027
6/28/2020 19:15,22.776,20861027
6/28/2020 19:30,22.776,20861027
6/28/2020 19:45,22.8,20861027
6/28/2020 20:00,22.8,20861027
6/28/2020 20:15,22.8,20861027
6/28/2020 20:30,22.8,20861027
6/28/2020 20:45,22.8,20861027
6/28/2020 21:00,22.8,20861027
6/28/2020 21:15,22.8,20861027
6/28/2020 21:30,22.8,20861027
6/28/2020 21:45,22.8,20861027
6/28/2020 22:00,22.8,20861027
6/28/2020 22:15,22.824,20861027
6/28/2020 22:30,22.824,20861027
6/28/2020 22:45,22.824,20861027
6/28/2020 23:00,22.824,20861027
6/28/2020 23:15,22.824,20861027
6/28/2020 23:30,22.824,20861027
6/28/2020 23:45,22.824,20861027
6/29/2020 0:00,22.8,20861027
6/29/2020 0:15,22.8,20861027
6/29/2020 0:30,22.8,20861027
6/29/2020 0:45,22.8,20861027
6/29/2020 1:00,22.8,20861027
6/29/2020 1:15,22.8,20861027
6/29/2020 1:30,22.8,20861027
6/29/2020 1:45,22.8,20861027
6/29/2020 2:00,22.8,20861027
6/29/2020 2:15,22.8,20861027
6/29/2020 2:30,22.776,20861027
6/29/2020 2:45,22.776,20861027
6/29/2020 3:00,22.753,20861027
6/29/2020 3:15,22.753,20861027
6/29/2020 3:30,22.753,20861027
6/29/2020 3:45,22.753,20861027
6/29/2020 4:00,22.753,20861027
6/29/2020 4:15,22.753,20861027
6/29/2020 4:30,22.753,20861027
6/29/2020 4:45,22.753,20861027
6/29/2020 5:00,22.729,20861027
6/29/2020 5:15,22.705,20861027
6/29/2020 5:30,22.705,20861027
6/29/2020 5:45,22.681,20861027
6/29/2020 6:00,22.681,20861027
6/29/2020 6:15,22.681,20861027
6/29/2020 6:30,22.681,20861027
6/29/2020 6:45,22.681,20861027
6/29/2020 7:00,22.681,20861027
6/29/2020 7:15,22.681,20861027
6/29/2020 7:30,22.681,20861027
6/29/2020 7:45,22.681,20861027
6/29/2020 8:00,22.657,20861027
6/29/2020 8:15,22.657,20861027
6/29/2020 8:30,22.633,20861027
6/29/2020 8:45,22.633,20861027
6/29/2020 9:00,22.657,20861027
6/29/2020 9:15,22.681,20861027
6/29/2020 9:30,22.729,20861027
6/29/2020 9:45,22.776,20861027
6/29/2020 10:00,22.8,20861027
6/29/2020 10:15,22.824,20861027
6/29/2020 10:30,22.872,20861027
6/29/2020 10:45,22.896,20861027
6/29/2020 11:00,22.92,20861027
6/29/2020 11:15,22.968,20861027
6/29/2020 11:30,22.968,20861027
6/29/2020 11:45,22.968,20861027
6/29/2020 12:00,22.968,20861027
6/29/2020 12:15,22.992,20861027
6/29/2020 12:30,23.016,20861027
6/29/2020 12:45,23.088,20861027
6/29/2020 13:00,23.256,20861027
6/29/2020 13:15,24.895,20861027
6/29/2020 13:30,24.605,20861027
6/29/2020 13:45,24.484,20861027
6/29/2020 14:00,24.388,20861027
6/29/2020 14:15,24.532,20861027
6/29/2020 14:30,25.258,20861027
6/29/2020 14:45,23.256,20861027
6/29/2020 15:00,21.079,20861027
6/29/2020 15:15,21.676,20861027
6/29/2020 15:30,22.034,20861027
6/29/2020 15:45,22.058,20861027
6/29/2020 16:00,24.774,20861027
6/29/2020 16:15,12.074,20861027
6/29/2020 16:30,12.001,20861027
6/29/2020 16:45,12.05,20861027
6/29/2020 17:00,12.122,20861027
6/29/2020 17:15,12.171,20861027
6/29/2020 17:30,12.219,20861027
6/29/2020 17:45,12.268,20861027
6/29/2020 18:00,12.316,20861027
6/29/2020 18:15,12.34,20861027
6/29/2020 18:30,12.364,20861027
6/29/2020 18:45,12.413,20861027
6/29/2020 19:00,12.461,20861027
6/29/2020 19:15,12.461,20861027
6/29/2020 19:30,12.485,20861027
6/29/2020 19:45,12.509,20861027
6/29/2020 20:00,12.534,20861027
6/29/2020 20:15,12.558,20861027
6/29/2020 20:30,12.558,20861027
6/29/2020 20:45,12.558,20861027
6/29/2020 21:00,12.534,20861027
6/29/2020 21:15,12.534,20861027
6/29/2020 21:30,12.534,20861027
6/29/2020 21:45,12.509,20861027
6/29/2020 22:00,12.485,20861027
6/29/2020 22:15,12.461,20861027
6/29/2020 22:30,12.437,20861027
6/29/2020 22:45,12.413,20861027
6/29/2020 23:00,12.364,20861027
6/29/2020 23:15,12.34,20861027
6/29/2020 23:30,12.268,20861027
6/29/2020 23:45,12.219,20861027
6/30/2020 0:00,12.122,20861027
6/30/2020 0:15,12.05,20861027
6/30/2020 0:30,11.977,20861027
6/30/2020 0:45,11.904,20861027
6/30/2020 1:00,11.832,20861027
6/30/2020 1:15,11.759,20861027
6/30/2020 1:30,11.71,20861027
6/30/2020 1:45,11.637,20861027
6/30/2020 2:00,11.565,20861027
6/30/2020 2:15,11.492,20861027
6/30/2020 2:30,11.419,20861027
6/30/2020 2:45,11.346,20861027
6/30/2020 3:00,11.273,20861027
6/30/2020 3:15,11.2,20861027
6/30/2020 3:30,11.127,20861027
6/30/2020 3:45,11.053,20861027
6/30/2020 4:00,10.98,20861027
6/30/2020 4:15,10.907,20861027
6/30/2020 4:30,10.81,20861027
6/30/2020 4:45,10.736,20861027
6/30/2020 5:00,10.663,20861027
6/30/2020 5:15,10.565,20861027
6/30/2020 5:30,10.516,20861027
6/30/2020 5:45,10.418,20861027
6/30/2020 6:00,10.369,20861027
6/30/2020 6:15,10.296,20861027
6/30/2020 6:30,10.222,20861027
6/30/2020 6:45,10.173,20861027
6/30/2020 7:00,10.124,20861027
6/30/2020 7:15,10.051,20861027
6/30/2020 7:30,10.001,20861027
6/30/2020 7:45,9.952,20861027
6/30/2020 8:00,9.928,20861027
6/30/2020 8:15,9.903,20861027
6/30/2020 8:30,9.879,20861027
6/30/2020 8:45,9.879,20861027
6/30/2020 9:00,9.854,20861027
6/30/2020 9:15,9.854,20861027
6/30/2020 9:30,9.854,20861027
6/30/2020 9:45,9.854,20861027
6/30/2020 10:00,9.854,20861027
6/30/2020 10:15,9.879,20861027
6/30/2020 10:30,9.952,20861027
6/30/2020 10:45,10.051,20861027
6/30/2020 11:00,10.124,20861027
6/30/2020 11:15,10.173,20861027
6/30/2020 11:30,10.296,20861027
6/30/2020 11:45,10.32,20861027
6/30/2020 12:00,10.492,20861027
6/30/2020 12:15,10.614,20861027
6/30/2020 12:30,10.761,20861027
6/30/2020 12:45,10.907,20861027
6/30/2020 13:00,11.053,20861027
6/30/2020 13:15,11.2,20861027
6/30/2020 13:30,11.443,20861027
6/30/2020 13:45,11.662,20861027
6/30/2020 14:00,11.734,20861027
6/30/2020 14:15,11.88,20861027
6/30/2020 14:30,12.122,20861027
6/30/2020 14:45,12.171,20861027
6/30/2020 15:00,12.243,20861027
6/30/2020 15:15,12.219,20861027
6/30/2020 15:30,12.316,20861027
6/30/2020 15:45,12.485,20861027
6/30/2020 16:00,12.654,20861027
6/30/2020 16:15,12.871,20861027
6/30/2020 16:30,13.088,20861027
6/30/2020 16:45,13.257,20861027
6/30/2020 17:00,13.377,20861027
6/30/2020 17:15,13.449,20861027
6/30/2020 17:30,13.473,20861027
6/30/2020 17:45,13.473,20861027
6/30/2020 18:00,13.449,20861027
6/30/2020 18:15,13.497,20861027
6/30/2020 18:30,13.522,20861027
6/30/2020 18:45,13.497,20861027
6/30/2020 19:00,13.473,20861027
6/30/2020 19:15,13.449,20861027
6/30/2020 19:30,13.425,20861027
6/30/2020 19:45,13.401,20861027
6/30/2020 20:00,13.377,20861027
6/30/2020 20:15,13.377,20861027
6/30/2020 20:30,13.329,20861027
6/30/2020 20:45,13.233,20861027
6/30/2020 21:00,13.137,20861027
6/30/2020 21:15,13.016,20861027
6/30/2020 21:30,12.92,20861027
6/30/2020 21:45,12.823,20861027
6/30/2020 22:00,12.775,20861027
6/30/2020 22:15,12.751,20861027
6/30/2020 22:30,12.727,20861027
6/30/2020 22:45,12.751,20861027
6/30/2020 23:00,12.751,20861027
6/30/2020 23:15,12.751,20861027
6/30/2020 23:30,12.751,20861027
6/30/2020 23:45,12.751,20861027
7/1/2020 0:00,12.703,20861027
7/1/2020 0:15,12.63,20861027
7/1/2020 0:30,12.558,20861027
7/1/2020 0:45,12.485,20861027
7/1/2020 1:00,12.389,20861027
7/1/2020 1:15,12.316,20861027
7/1/2020 1:30,12.243,20861027
7/1/2020 1:45,12.171,20861027
7/1/2020 2:00,12.074,20861027
7/1/2020 2:15,12.001,20861027
7/1/2020 2:30,11.904,20861027
7/1/2020 2:45,11.807,20861027
7/1/2020 3:00,11.71,20861027
7/1/2020 3:15,11.613,20861027
7/1/2020 3:30,11.516,20861027
7/1/2020 3:45,11.394,20861027
7/1/2020 4:00,11.297,20861027
7/1/2020 4:15,11.175,20861027
7/1/2020 4:30,11.053,20861027
7/1/2020 4:45,10.956,20861027
7/1/2020 5:00,10.858,20861027
7/1/2020 5:15,10.761,20861027
7/1/2020 5:30,10.663,20861027
7/1/2020 5:45,10.565,20861027
7/1/2020 6:00,10.467,20861027
7/1/2020 6:15,10.369,20861027
7/1/2020 6:30,10.271,20861027
7/1/2020 6:45,10.198,20861027
7/1/2020 7:00,10.124,20861027
7/1/2020 7:15,10.026,20861027
7/1/2020 7:30,9.977,20861027
7/1/2020 7:45,9.952,20861027
7/1/2020 8:00,9.928,20861027
7/1/2020 8:15,9.879,20861027
7/1/2020 8:30,9.854,20861027
7/1/2020 8:45,9.854,20861027
7/1/2020 9:00,9.829,20861027
7/1/2020 9:15,9.829,20861027
7/1/2020 9:30,9.854,20861027
7/1/2020 9:45,9.879,20861027
7/1/2020 10:00,9.952,20861027
7/1/2020 10:15,10.026,20861027
7/1/2020 10:30,10.124,20861027
7/1/2020 10:45,10.222,20861027
7/1/2020 11:00,10.32,20861027
7/1/2020 11:15,10.443,20861027
7/1/2020 11:30,10.565,20861027
7/1/2020 11:45,10.712,20861027
7/1/2020 12:00,10.834,20861027
7/1/2020 12:15,10.98,20861027
7/1/2020 12:30,11.102,20861027
7/1/2020 12:45,11.248,20861027
7/1/2020 13:00,11.419,20861027
7/1/2020 13:15,11.589,20861027
7/1/2020 13:30,11.807,20861027
7/1/2020 13:45,12.001,20861027
7/1/2020 14:00,12.219,20861027
7/1/2020 14:15,12.364,20861027
7/1/2020 14:30,12.485,20861027
7/1/2020 14:45,12.63,20861027
7/1/2020 15:00,12.751,20861027
7/1/2020 15:15,12.847,20861027
7/1/2020 15:30,12.992,20861027
7/1/2020 15:45,13.137,20861027
7/1/2020 16:00,13.305,20861027
7/1/2020 16:15,13.449,20861027
7/1/2020 16:30,13.546,20861027
7/1/2020 16:45,13.69,20861027
7/1/2020 17:00,13.834,20861027
7/1/2020 17:15,13.906,20861027
7/1/2020 17:30,14.002,20861027
7/1/2020 17:45,14.098,20861027
7/1/2020 18:00,14.146,20861027
7/1/2020 18:15,14.194,20861027
7/1/2020 18:30,14.194,20861027
7/1/2020 18:45,14.17,20861027
7/1/2020 19:00,14.17,20861027
7/1/2020 19:15,14.17,20861027
7/1/2020 19:30,14.146,20861027
7/1/2020 19:45,14.122,20861027
7/1/2020 20:00,14.098,20861027
7/1/2020 20:15,14.098,20861027
7/1/2020 20:30,14.05,20861027
7/1/2020 20:45,14.05,20861027
7/1/2020 21:00,14.026,20861027
7/1/2020 21:15,13.978,20861027
7/1/2020 21:30,13.954,20861027
7/1/2020 21:45,13.906,20861027
7/1/2020 22:00,13.858,20861027
7/1/2020 22:15,13.81,20861027
7/1/2020 22:30,13.762,20861027
7/1/2020 22:45,13.714,20861027
7/1/2020 23:00,13.642,20861027
7/1/2020 23:15,13.57,20861027
7/1/2020 23:30,13.497,20861027
7/1/2020 23:45,13.401,20861027
7/2/2020 0:00,13.329,20861027
7/2/2020 0:15,13.233,20861027
7/2/2020 0:30,13.137,20861027
7/2/2020 0:45,13.064,20861027
7/2/2020 1:00,12.968,20861027
7/2/2020 1:15,12.871,20861027
7/2/2020 1:30,12.775,20861027
7/2/2020 1:45,12.678,20861027
7/2/2020 2:00,12.558,20861027
7/2/2020 2:15,12.461,20861027
7/2/2020 2:30,12.364,20861027
7/2/2020 2:45,12.268,20861027
7/2/2020 3:00,12.171,20861027
7/2/2020 3:15,12.074,20861027
7/2/2020 3:30,11.953,20861027
7/2/2020 3:45,11.832,20861027
7/2/2020 4:00,11.734,20861027
7/2/2020 4:15,11.613,20861027
7/2/2020 4:30,11.492,20861027
7/2/2020 4:45,11.394,20861027
7/2/2020 5:00,11.273,20861027
7/2/2020 5:15,11.151,20861027
7/2/2020 5:30,11.053,20861027
7/2/2020 5:45,10.956,20861027
7/2/2020 6:00,10.858,20861027
7/2/2020 6:15,10.736,20861027
7/2/2020 6:30,10.663,20861027
7/2/2020 6:45,10.565,20861027
7/2/2020 7:00,10.492,20861027
7/2/2020 7:15,10.418,20861027
7/2/2020 7:30,10.369,20861027
7/2/2020 7:45,10.345,20861027
7/2/2020 8:00,10.32,20861027
7/2/2020 8:15,10.271,20861027
7/2/2020 8:30,10.271,20861027
7/2/2020 8:45,10.271,20861027
7/2/2020 9:00,10.296,20861027
7/2/2020 9:15,10.32,20861027
7/2/2020 9:30,10.369,20861027
7/2/2020 9:45,10.418,20861027
7/2/2020 10:00,10.467,20861027
7/2/2020 10:15,10.541,20861027
7/2/2020 10:30,10.614,20861027
7/2/2020 10:45,10.712,20861027
7/2/2020 11:00,10.81,20861027
7/2/2020 11:15,10.907,20861027
7/2/2020 11:30,10.98,20861027
7/2/2020 11:45,11.053,20861027
7/2/2020 12:00,11.2,20861027
7/2/2020 12:15,11.273,20861027
7/2/2020 12:30,11.443,20861027
7/2/2020 12:45,11.565,20861027
7/2/2020 13:00,11.734,20861027
7/2/2020 13:15,11.904,20861027
7/2/2020 13:30,12.025,20861027
7/2/2020 13:45,12.171,20861027
7/2/2020 14:00,12.316,20861027
7/2/2020 14:15,12.461,20861027
7/2/2020 14:30,12.654,20861027
7/2/2020 14:45,12.847,20861027
7/2/2020 15:00,12.992,20861027
7/2/2020 15:15,13.112,20861027
7/2/2020 15:30,13.257,20861027
7/2/2020 15:45,13.377,20861027
7/2/2020 16:00,13.546,20861027
7/2/2020 16:15,13.666,20861027
7/2/2020 16:30,13.786,20861027
7/2/2020 16:45,13.906,20861027
7/2/2020 17:00,14.002,20861027
7/2/2020 17:15,14.074,20861027
7/2/2020 17:30,14.17,20861027
7/2/2020 17:45,14.29,20861027
7/2/2020 18:00,14.361,20861027
7/2/2020 18:15,14.433,20861027
7/2/2020 18:30,14.457,20861027
7/2/2020 18:45,14.505,20861027
7/2/2020 19:00,14.553,20861027
7/2/2020 19:15,14.577,20861027
7/2/2020 19:30,14.577,20861027
7/2/2020 19:45,14.577,20861027
7/2/2020 20:00,14.577,20861027
7/2/2020 20:15,14.577,20861027
7/2/2020 20:30,14.553,20861027
7/2/2020 20:45,14.505,20861027
7/2/2020 21:00,14.457,20861027
7/2/2020 21:15,14.433,20861027
7/2/2020 21:30,14.385,20861027
7/2/2020 21:45,14.337,20861027
7/2/2020 22:00,14.314,20861027
7/2/2020 22:15,14.266,20861027
7/2/2020 22:30,14.218,20861027
7/2/2020 22:45,14.17,20861027
7/2/2020 23:00,14.122,20861027
7/2/2020 23:15,14.05,20861027
7/2/2020 23:30,13.978,20861027
7/2/2020 23:45,13.906,20861027
7/3/2020 0:00,13.858,20861027
7/3/2020 0:15,13.762,20861027
7/3/2020 0:30,13.69,20861027
7/3/2020 0:45,13.618,20861027
7/3/2020 1:00,13.522,20861027
7/3/2020 1:15,13.425,20861027
7/3/2020 1:30,13.329,20861027
7/3/2020 1:45,13.257,20861027
7/3/2020 2:00,13.161,20861027
7/3/2020 2:15,13.064,20861027
7/3/2020 2:30,12.944,20861027
7/3/2020 2:45,12.847,20861027
7/3/2020 3:00,12.751,20861027
7/3/2020 3:15,12.654,20861027
7/3/2020 3:30,12.558,20861027
7/3/2020 3:45,12.461,20861027
7/3/2020 4:00,12.364,20861027
7/3/2020 4:15,12.243,20861027
7/3/2020 4:30,12.147,20861027
7/3/2020 4:45,12.025,20861027
7/3/2020 5:00,11.929,20861027
7/3/2020 5:15,11.832,20861027
7/3/2020 5:30,11.734,20861027
7/3/2020 5:45,11.637,20861027
7/3/2020 6:00,11.54,20861027
7/3/2020 6:15,11.443,20861027
7/3/2020 6:30,11.346,20861027
7/3/2020 6:45,11.273,20861027
7/3/2020 7:00,11.2,20861027
7/3/2020 7:15,11.127,20861027
7/3/2020 7:30,11.102,20861027
7/3/2020 7:45,11.053,20861027
7/3/2020 8:00,11.053,20861027
7/3/2020 8:15,11.005,20861027
7/3/2020 8:30,11.005,20861027
7/3/2020 8:45,11.005,20861027
7/3/2020 9:00,11.005,20861027
7/3/2020 9:15,11.005,20861027
7/3/2020 9:30,11.005,20861027
7/3/2020 9:45,11.005,20861027
7/3/2020 10:00,11.078,20861027
7/3/2020 10:15,11.127,20861027
7/3/2020 10:30,11.151,20861027
7/3/2020 10:45,11.248,20861027
7/3/2020 11:00,11.394,20861027
7/3/2020 11:15,11.492,20861027
7/3/2020 11:30,11.613,20861027
7/3/2020 11:45,11.734,20861027
7/3/2020 12:00,11.88,20861027
7/3/2020 12:15,12.025,20861027
7/3/2020 12:30,12.195,20861027
7/3/2020 12:45,12.364,20861027
7/3/2020 13:00,12.534,20861027
7/3/2020 13:15,12.678,20861027
7/3/2020 13:30,12.847,20861027
7/3/2020 13:45,12.992,20861027
7/3/2020 14:00,13.064,20861027
7/3/2020 14:15,13.233,20861027
7/3/2020 14:30,13.329,20861027
7/3/2020 14:45,13.425,20861027
7/3/2020 15:00,13.57,20861027
7/3/2020 15:15,13.714,20861027
7/3/2020 15:30,13.81,20861027
7/3/2020 15:45,13.858,20861027
7/3/2020 16:00,14.002,20861027
7/3/2020 16:15,14.098,20861027
7/3/2020 16:30,14.29,20861027
7/3/2020 16:45,14.433,20861027
7/3/2020 17:00,14.529,20861027
7/3/2020 17:15,14.625,20861027
7/3/2020 17:30,14.745,20861027
7/3/2020 17:45,14.84,20861027
7/3/2020 18:00,14.912,20861027
7/3/2020 18:15,14.984,20861027
7/3/2020 18:30,15.008,20861027
7/3/2020 18:45,15.055,20861027
7/3/2020 19:00,15.079,20861027
7/3/2020 19:15,15.127,20861027
7/3/2020 19:30,15.127,20861027
7/3/2020 19:45,15.103,20861027
7/3/2020 20:00,15.103,20861027
7/3/2020 20:15,15.055,20861027
7/3/2020 20:30,15.055,20861027
7/3/2020 20:45,15.031,20861027
7/3/2020 21:00,15.031,20861027
7/3/2020 21:15,15.031,20861027
7/3/2020 21:30,15.031,20861027
7/3/2020 21:45,15.031,20861027
7/3/2020 22:00,15.008,20861027
7/3/2020 22:15,14.96,20861027
7/3/2020 22:30,14.936,20861027
7/3/2020 22:45,14.912,20861027
7/3/2020 23:00,14.864,20861027
7/3/2020 23:15,14.816,20861027
7/3/2020 23:30,14.745,20861027
7/3/2020 23:45,14.697,20861027
7/4/2020 0:00,14.625,20861027
7/4/2020 0:15,14.577,20861027
7/4/2020 0:30,14.481,20861027
7/4/2020 0:45,14.409,20861027
7/4/2020 1:00,14.337,20861027
7/4/2020 1:15,14.266,20861027
7/4/2020 1:30,14.17,20861027
7/4/2020 1:45,14.098,20861027
7/4/2020 2:00,14.002,20861027
7/4/2020 2:15,13.906,20861027
7/4/2020 2:30,13.81,20861027
7/4/2020 2:45,13.714,20861027
7/4/2020 3:00,13.594,20861027
7/4/2020 3:15,13.497,20861027
7/4/2020 3:30,13.401,20861027
7/4/2020 3:45,13.281,20861027
7/4/2020 4:00,13.161,20861027
7/4/2020 4:15,13.064,20861027
7/4/2020 4:30,12.968,20861027
7/4/2020 4:45,12.847,20861027
7/4/2020 5:00,12.751,20861027
7/4/2020 5:15,12.63,20861027
7/4/2020 5:30,12.509,20861027
7/4/2020 5:45,12.413,20861027
7/4/2020 6:00,12.316,20861027
7/4/2020 6:15,12.219,20861027
7/4/2020 6:30,12.122,20861027
7/4/2020 6:45,12.025,20861027
7/4/2020 7:00,11.977,20861027
7/4/2020 7:15,11.904,20861027
7/4/2020 7:30,11.856,20861027
7/4/2020 7:45,11.807,20861027
7/4/2020 8:00,11.783,20861027
7/4/2020 8:15,11.734,20861027
7/4/2020 8:30,11.734,20861027
7/4/2020 8:45,11.71,20861027
7/4/2020 9:00,11.734,20861027
7/4/2020 9:15,11.759,20861027
7/4/2020 9:30,11.807,20861027
7/4/2020 9:45,11.856,20861027
7/4/2020 10:00,11.929,20861027
7/4/2020 10:15,12.025,20861027
7/4/2020 10:30,12.122,20861027
7/4/2020 10:45,12.243,20861027
7/4/2020 11:00,12.364,20861027
7/4/2020 11:15,12.509,20861027
7/4/2020 11:30,12.654,20861027
7/4/2020 11:45,12.799,20861027
7/4/2020 12:00,12.968,20861027
7/4/2020 12:15,13.137,20861027
7/4/2020 12:30,13.329,20861027
7/4/2020 12:45,13.522,20861027
7/4/2020 13:00,13.714,20861027
7/4/2020 13:15,13.906,20861027
7/4/2020 13:30,14.122,20861027
7/4/2020 13:45,14.314,20861027
7/4/2020 14:00,14.529,20861027
7/4/2020 14:15,14.697,20861027
7/4/2020 14:30,14.888,20861027
7/4/2020 14:45,15.079,20861027
7/4/2020 15:00,15.247,20861027
7/4/2020 15:15,15.414,20861027
7/4/2020 15:30,15.581,20861027
7/4/2020 15:45,15.724,20861027
7/4/2020 16:00,15.867,20861027
7/4/2020 16:15,15.986,20861027
7/4/2020 16:30,16.106,20861027
7/4/2020 16:45,16.201,20861027
7/4/2020 17:00,16.296,20861027
7/4/2020 17:15,16.415,20861027
7/4/2020 17:30,16.487,20861027
7/4/2020 17:45,16.582,20861027
7/4/2020 18:00,16.63,20861027
7/4/2020 18:15,16.677,20861027
7/4/2020 18:30,16.725,20861027
7/4/2020 18:45,16.725,20861027
7/4/2020 19:00,16.749,20861027
7/4/2020 19:15,16.749,20861027
7/4/2020 19:30,16.749,20861027
7/4/2020 19:45,16.749,20861027
7/4/2020 20:00,16.725,20861027
7/4/2020 20:15,16.725,20861027
7/4/2020 20:30,16.701,20861027
7/4/2020 20:45,16.677,20861027
7/4/2020 21:00,16.654,20861027
7/4/2020 21:15,16.606,20861027
7/4/2020 21:30,16.582,20861027
7/4/2020 21:45,16.534,20861027
7/4/2020 22:00,16.487,20861027
7/4/2020 22:15,16.439,20861027
7/4/2020 22:30,16.415,20861027
7/4/2020 22:45,16.368,20861027
7/4/2020 23:00,16.32,20861027
7/4/2020 23:15,16.272,20861027
7/4/2020 23:30,16.201,20861027
7/4/2020 23:45,16.129,20861027
7/5/2020 0:00,16.058,20861027
7/5/2020 0:15,15.986,20861027
7/5/2020 0:30,15.915,20861027
7/5/2020 0:45,15.819,20861027
7/5/2020 1:00,15.748,20861027
7/5/2020 1:15,15.652,20861027
7/5/2020 1:30,15.581,20861027
7/5/2020 1:45,15.485,20861027
7/5/2020 2:00,15.39,20861027
7/5/2020 2:15,15.294,20861027
7/5/2020 2:30,15.199,20861027
7/5/2020 2:45,15.103,20861027
7/5/2020 3:00,15.008,20861027
7/5/2020 3:15,14.912,20861027
7/5/2020 3:30,14.816,20861027
7/5/2020 3:45,14.745,20861027
7/5/2020 4:00,14.649,20861027
7/5/2020 4:15,14.577,20861027
7/5/2020 4:30,14.481,20861027
7/5/2020 4:45,14.385,20861027
7/5/2020 5:00,14.314,20861027
7/5/2020 5:15,14.218,20861027
7/5/2020 5:30,14.146,20861027
7/5/2020 5:45,14.05,20861027
7/5/2020 6:00,13.978,20861027
7/5/2020 6:15,13.906,20861027
7/5/2020 6:30,13.858,20861027
7/5/2020 6:45,13.786,20861027
7/5/2020 7:00,13.714,20861027
7/5/2020 7:15,13.666,20861027
7/5/2020 7:30,13.594,20861027
7/5/2020 7:45,13.546,20861027
7/5/2020 8:00,13.522,20861027
7/5/2020 8:15,13.449,20861027
7/5/2020 8:30,13.425,20861027
7/5/2020 8:45,13.401,20861027
7/5/2020 9:00,13.377,20861027
7/5/2020 9:15,13.377,20861027
7/5/2020 9:30,13.377,20861027
7/5/2020 9:45,13.401,20861027
7/5/2020 10:00,13.449,20861027
7/5/2020 10:15,13.473,20861027
7/5/2020 10:30,13.522,20861027
7/5/2020 10:45,13.57,20861027
7/5/2020 11:00,13.618,20861027
7/5/2020 11:15,13.666,20861027
7/5/2020 11:30,13.762,20861027
7/5/2020 11:45,13.906,20861027
7/5/2020 12:00,14.002,20861027
7/5/2020 12:15,14.194,20861027
7/5/2020 12:30,14.29,20861027
7/5/2020 12:45,14.385,20861027
7/5/2020 13:00,14.505,20861027
7/5/2020 13:15,14.649,20861027
7/5/2020 13:30,14.721,20861027
7/5/2020 13:45,14.84,20861027
7/5/2020 14:00,14.936,20861027
7/5/2020 14:15,14.912,20861027
7/5/2020 14:30,14.864,20861027
7/5/2020 14:45,14.912,20861027
7/5/2020 15:00,14.984,20861027
7/5/2020 15:15,15.055,20861027
7/5/2020 15:30,15.127,20861027
7/5/2020 15:45,15.175,20861027
7/5/2020 16:00,15.223,20861027
7/5/2020 16:15,15.318,20861027
7/5/2020 16:30,15.414,20861027
7/5/2020 16:45,15.509,20861027
7/5/2020 17:00,15.557,20861027
7/5/2020 17:15,15.652,20861027
7/5/2020 17:30,15.748,20861027
7/5/2020 17:45,15.891,20861027
7/5/2020 18:00,15.986,20861027
7/5/2020 18:15,16.058,20861027
7/5/2020 18:30,16.034,20861027
7/5/2020 18:45,16.034,20861027
7/5/2020 19:00,16.01,20861027
7/5/2020 19:15,15.963,20861027
7/5/2020 19:30,15.891,20861027
7/5/2020 19:45,15.819,20861027
7/5/2020 20:00,15.748,20861027
7/5/2020 20:15,15.7,20861027
7/5/2020 20:30,15.629,20861027
7/5/2020 20:45,15.605,20861027
7/5/2020 21:00,15.557,20861027
7/5/2020 21:15,15.509,20861027
7/5/2020 21:30,15.438,20861027
7/5/2020 21:45,15.366,20861027
7/5/2020 22:00,15.318,20861027
7/5/2020 22:15,15.27,20861027
7/5/2020 22:30,15.247,20861027
7/5/2020 22:45,15.199,20861027
7/5/2020 23:00,15.151,20861027
7/5/2020 23:15,15.127,20861027
7/5/2020 23:30,15.103,20861027
7/5/2020 23:45,15.055,20861027
7/6/2020 0:00,15.008,20861027
7/6/2020 0:15,14.936,20861027
7/6/2020 0:30,14.864,20861027
7/6/2020 0:45,14.792,20861027
7/6/2020 1:00,14.721,20861027
7/6/2020 1:15,14.673,20861027
7/6/2020 1:30,14.577,20861027
7/6/2020 1:45,14.505,20861027
7/6/2020 2:00,14.433,20861027
7/6/2020 2:15,14.385,20861027
7/6/2020 2:30,14.314,20861027
7/6/2020 2:45,14.242,20861027
7/6/2020 3:00,14.194,20861027
7/6/2020 3:15,14.122,20861027
7/6/2020 3:30,14.05,20861027
7/6/2020 3:45,14.002,20861027
7/6/2020 4:00,13.93,20861027
7/6/2020 4:15,13.858,20861027
7/6/2020 4:30,13.786,20861027
7/6/2020 4:45,13.714,20861027
7/6/2020 5:00,13.666,20861027
7/6/2020 5:15,13.594,20861027
7/6/2020 5:30,13.522,20861027
7/6/2020 5:45,13.473,20861027
7/6/2020 6:00,13.425,20861027
7/6/2020 6:15,13.377,20861027
7/6/2020 6:30,13.329,20861027
7/6/2020 6:45,13.257,20861027
7/6/2020 7:00,13.185,20861027
7/6/2020 7:15,13.137,20861027
7/6/2020 7:30,13.064,20861027
7/6/2020 7:45,13.016,20861027
7/6/2020 8:00,12.968,20861027
7/6/2020 8:15,12.944,20861027
7/6/2020 8:30,12.896,20861027
7/6/2020 8:45,12.847,20861027
7/6/2020 9:00,12.823,20861027
7/6/2020 9:15,12.799,20861027
7/6/2020 9:30,12.775,20861027
7/6/2020 9:45,12.751,20861027
7/6/2020 10:00,12.703,20861027
7/6/2020 10:15,12.654,20861027
7/6/2020 10:30,12.63,20861027
7/6/2020 10:45,12.606,20861027
7/6/2020 11:00,12.582,20861027
7/6/2020 11:15,12.558,20861027
7/6/2020 11:30,12.534,20861027
7/6/2020 11:45,12.509,20861027
7/6/2020 12:00,12.509,20861027
7/6/2020 12:15,12.509,20861027
7/6/2020 12:30,12.485,20861027
7/6/2020 12:45,12.461,20861027
7/6/2020 13:00,12.437,20861027
7/6/2020 13:15,12.413,20861027
7/6/2020 13:30,12.389,20861027
7/6/2020 13:45,12.389,20861027
7/6/2020 14:00,12.413,20861027
7/6/2020 14:15,12.461,20861027
7/6/2020 14:30,12.461,20861027
7/6/2020 14:45,12.534,20861027
7/6/2020 15:00,12.582,20861027
7/6/2020 15:15,12.63,20861027
7/6/2020 15:30,12.654,20861027
7/6/2020 15:45,12.678,20861027
7/6/2020 16:00,12.678,20861027
7/6/2020 16:15,12.678,20861027
7/6/2020 16:30,12.678,20861027
7/6/2020 16:45,12.678,20861027
7/6/2020 17:00,12.678,20861027
7/6/2020 17:15,12.654,20861027
7/6/2020 17:30,12.678,20861027
7/6/2020 17:45,12.678,20861027
7/6/2020 18:00,12.678,20861027
7/6/2020 18:15,12.703,20861027
7/6/2020 18:30,12.751,20861027
7/6/2020 18:45,12.751,20861027
7/6/2020 19:00,12.751,20861027
7/6/2020 19:15,12.775,20861027
7/6/2020 19:30,12.775,20861027
7/6/2020 19:45,12.775,20861027
7/6/2020 20:00,12.775,20861027
7/6/2020 20:15,12.775,20861027
7/6/2020 20:30,12.751,20861027
7/6/2020 20:45,12.751,20861027
7/6/2020 21:00,12.751,20861027
7/6/2020 21:15,12.727,20861027
7/6/2020 21:30,12.703,20861027
7/6/2020 21:45,12.703,20861027
7/6/2020 22:00,12.678,20861027
7/6/2020 22:15,12.654,20861027
7/6/2020 22:30,12.63,20861027
7/6/2020 22:45,12.582,20861027
7/6/2020 23:00,12.534,20861027
7/6/2020 23:15,12.485,20861027
7/6/2020 23:30,12.437,20861027
7/6/2020 23:45,12.389,20861027
7/7/2020 0:00,12.316,20861027
7/7/2020 0:15,12.268,20861027
7/7/2020 0:30,12.171,20861027
7/7/2020 0:45,12.122,20861027
7/7/2020 1:00,12.025,20861027
7/7/2020 1:15,11.977,20861027
7/7/2020 1:30,11.904,20861027
7/7/2020 1:45,11.832,20861027
7/7/2020 2:00,11.783,20861027
7/7/2020 2:15,11.71,20861027
7/7/2020 2:30,11.662,20861027
7/7/2020 2:45,11.613,20861027
7/7/2020 3:00,11.54,20861027
7/7/2020 3:15,11.467,20861027
7/7/2020 3:30,11.394,20861027
7/7/2020 3:45,11.321,20861027
7/7/2020 4:00,11.248,20861027
7/7/2020 4:15,11.151,20861027
7/7/2020 4:30,11.078,20861027
7/7/2020 4:45,11.005,20861027
7/7/2020 5:00,10.932,20861027
7/7/2020 5:15,10.858,20861027
7/7/2020 5:30,10.785,20861027
7/7/2020 5:45,10.712,20861027
7/7/2020 6:00,10.663,20861027
7/7/2020 6:15,10.614,20861027
7/7/2020 6:30,10.565,20861027
7/7/2020 6:45,10.516,20861027
7/7/2020 7:00,10.516,20861027
7/7/2020 7:15,10.467,20861027
7/7/2020 7:30,10.443,20861027
7/7/2020 7:45,10.418,20861027
7/7/2020 8:00,10.418,20861027
7/7/2020 8:15,10.418,20861027
7/7/2020 8:30,10.418,20861027
7/7/2020 8:45,10.418,20861027
7/7/2020 9:00,10.467,20861027
7/7/2020 9:15,10.467,20861027
7/7/2020 9:30,10.516,20861027
7/7/2020 9:45,10.565,20861027
7/7/2020 10:00,10.614,20861027
7/7/2020 10:15,10.663,20861027
7/7/2020 10:30,10.736,20861027
7/7/2020 10:45,10.834,20861027
7/7/2020 11:00,10.883,20861027
7/7/2020 11:15,10.907,20861027
7/7/2020 11:30,10.98,20861027
7/7/2020 11:45,11.151,20861027
7/7/2020 12:00,11.346,20861027
7/7/2020 12:15,11.492,20861027
7/7/2020 12:30,11.662,20861027
7/7/2020 12:45,11.807,20861027
7/7/2020 13:00,11.977,20861027
7/7/2020 13:15,12.122,20861027
7/7/2020 13:30,12.219,20861027
7/7/2020 13:45,12.364,20861027
7/7/2020 14:00,12.558,20861027
7/7/2020 14:15,12.751,20861027
7/7/2020 14:30,12.896,20861027
7/7/2020 14:45,12.992,20861027
7/7/2020 15:00,13.064,20861027
7/7/2020 15:15,13.185,20861027
7/7/2020 15:30,13.377,20861027
7/7/2020 15:45,13.57,20861027
7/7/2020 16:00,13.714,20861027
7/7/2020 16:15,13.834,20861027
7/7/2020 16:30,13.93,20861027
7/7/2020 16:45,13.978,20861027
7/7/2020 17:00,14.026,20861027
7/7/2020 17:15,14.074,20861027
7/7/2020 17:30,14.122,20861027
7/7/2020 17:45,14.17,20861027
7/7/2020 18:00,14.218,20861027
7/7/2020 18:15,14.314,20861027
7/7/2020 18:30,14.361,20861027
7/7/2020 18:45,14.409,20861027
7/7/2020 19:00,14.457,20861027
7/7/2020 19:15,14.481,20861027
7/7/2020 19:30,14.505,20861027
7/7/2020 19:45,14.529,20861027
7/7/2020 20:00,14.529,20861027
7/7/2020 20:15,14.529,20861027
7/7/2020 20:30,14.529,20861027
7/7/2020 20:45,14.529,20861027
7/7/2020 21:00,14.529,20861027
7/7/2020 21:15,14.481,20861027
7/7/2020 21:30,14.433,20861027
7/7/2020 21:45,14.409,20861027
7/7/2020 22:00,14.361,20861027
7/7/2020 22:15,14.314,20861027
7/7/2020 22:30,14.29,20861027
7/7/2020 22:45,14.242,20861027
7/7/2020 23:00,14.194,20861027
7/7/2020 23:15,14.17,20861027
7/7/2020 23:30,14.122,20861027
7/7/2020 23:45,14.074,20861027
7/8/2020 0:00,14.026,20861027
7/8/2020 0:15,13.978,20861027
7/8/2020 0:30,13.906,20861027
7/8/2020 0:45,13.858,20861027
7/8/2020 1:00,13.786,20861027
7/8/2020 1:15,13.738,20861027
7/8/2020 1:30,13.69,20861027
7/8/2020 1:45,13.618,20861027
7/8/2020 2:00,13.57,20861027
7/8/2020 2:15,13.522,20861027
7/8/2020 2:30,13.473,20861027
7/8/2020 2:45,13.425,20861027
7/8/2020 3:00,13.377,20861027
7/8/2020 3:15,13.329,20861027
7/8/2020 3:30,13.257,20861027
7/8/2020 3:45,13.233,20861027
7/8/2020 4:00,13.161,20861027
7/8/2020 4:15,13.112,20861027
7/8/2020 4:30,13.064,20861027
7/8/2020 4:45,12.992,20861027
7/8/2020 5:00,12.944,20861027
7/8/2020 5:15,12.896,20861027
7/8/2020 5:30,12.847,20861027
7/8/2020 5:45,12.799,20861027
7/8/2020 6:00,12.751,20861027
7/8/2020 6:15,12.678,20861027
7/8/2020 6:30,12.63,20861027
7/8/2020 6:45,12.558,20861027
7/8/2020 7:00,12.509,20861027
7/8/2020 7:15,12.461,20861027
7/8/2020 7:30,12.413,20861027
7/8/2020 7:45,12.364,20861027
7/8/2020 8:00,12.316,20861027
7/8/2020 8:15,12.268,20861027
7/8/2020 8:30,12.219,20861027
7/8/2020 8:45,12.171,20861027
7/8/2020 9:00,12.122,20861027
7/8/2020 9:15,12.074,20861027
7/8/2020 9:30,12.05,20861027
7/8/2020 9:45,12.001,20861027
7/8/2020 10:00,11.977,20861027
7/8/2020 10:15,11.929,20861027
7/8/2020 10:30,11.904,20861027
7/8/2020 10:45,11.88,20861027
7/8/2020 11:00,11.856,20861027
7/8/2020 11:15,11.832,20861027
7/8/2020 11:30,11.832,20861027
7/8/2020 11:45,11.832,20861027
7/8/2020 12:00,11.832,20861027
7/8/2020 12:15,11.832,20861027
7/8/2020 12:30,11.856,20861027
7/8/2020 12:45,11.856,20861027
7/8/2020 13:00,11.88,20861027
7/8/2020 13:15,11.856,20861027
7/8/2020 13:30,11.856,20861027
7/8/2020 13:45,11.832,20861027
7/8/2020 14:00,11.832,20861027
7/8/2020 14:15,11.807,20861027
7/8/2020 14:30,11.783,20861027
7/8/2020 14:45,11.783,20861027
7/8/2020 15:00,11.759,20861027
7/8/2020 15:15,11.734,20861027
7/8/2020 15:30,11.734,20861027
7/8/2020 15:45,11.734,20861027
7/8/2020 16:00,11.71,20861027
7/8/2020 16:15,11.686,20861027
7/8/2020 16:30,11.686,20861027
7/8/2020 16:45,11.686,20861027
7/8/2020 17:00,11.662,20861027
7/8/2020 17:15,11.637,20861027
7/8/2020 17:30,11.637,20861027
7/8/2020 17:45,11.637,20861027
7/8/2020 18:00,11.613,20861027
7/8/2020 18:15,11.637,20861027
7/8/2020 18:30,11.637,20861027
7/8/2020 18:45,11.613,20861027
7/8/2020 19:00,11.589,20861027
7/8/2020 19:15,11.565,20861027
7/8/2020 19:30,11.54,20861027
7/8/2020 19:45,11.516,20861027
7/8/2020 20:00,11.492,20861027
7/8/2020 20:15,11.492,20861027
7/8/2020 20:30,11.467,20861027
7/8/2020 20:45,11.443,20861027
7/8/2020 21:00,11.419,20861027
7/8/2020 21:15,11.419,20861027
7/8/2020 21:30,11.394,20861027
7/8/2020 21:45,11.37,20861027
7/8/2020 22:00,11.346,20861027
7/8/2020 22:15,11.321,20861027
7/8/2020 22:30,11.297,20861027
7/8/2020 22:45,11.297,20861027
7/8/2020 23:00,11.248,20861027
7/8/2020 23:15,11.224,20861027
7/8/2020 23:30,11.2,20861027
7/8/2020 23:45,11.175,20861027
7/9/2020 0:00,11.151,20861027
7/9/2020 0:15,11.127,20861027
7/9/2020 0:30,11.102,20861027
7/9/2020 0:45,11.053,20861027
7/9/2020 1:00,11.029,20861027
7/9/2020 1:15,11.005,20861027
7/9/2020 1:30,10.98,20861027
7/9/2020 1:45,10.932,20861027
7/9/2020 2:00,10.907,20861027
7/9/2020 2:15,10.883,20861027
7/9/2020 2:30,10.834,20861027
7/9/2020 2:45,10.785,20861027
7/9/2020 3:00,10.712,20861027
7/9/2020 3:15,10.663,20861027
7/9/2020 3:30,10.614,20861027
7/9/2020 3:45,10.565,20861027
7/9/2020 4:00,10.541,20861027
7/9/2020 4:15,10.516,20861027
7/9/2020 4:30,10.467,20861027
7/9/2020 4:45,10.467,20861027
7/9/2020 5:00,10.418,20861027
7/9/2020 5:15,10.418,20861027
7/9/2020 5:30,10.369,20861027
7/9/2020 5:45,10.345,20861027
7/9/2020 6:00,10.296,20861027
7/9/2020 6:15,10.271,20861027
7/9/2020 6:30,10.222,20861027
7/9/2020 6:45,10.198,20861027
7/9/2020 7:00,10.173,20861027
7/9/2020 7:15,10.149,20861027
7/9/2020 7:30,10.149,20861027
7/9/2020 7:45,10.149,20861027
7/9/2020 8:00,10.149,20861027
7/9/2020 8:15,10.173,20861027
7/9/2020 8:30,10.198,20861027
7/9/2020 8:45,10.222,20861027
7/9/2020 9:00,10.271,20861027
7/9/2020 9:15,10.369,20861027
7/9/2020 9:30,10.418,20861027
7/9/2020 9:45,10.516,20861027
7/9/2020 10:00,10.492,20861027
7/9/2020 10:15,10.541,20861027
7/9/2020 10:30,10.614,20861027
7/9/2020 10:45,10.663,20861027
7/9/2020 11:00,10.687,20861027
7/9/2020 11:15,10.761,20861027
7/9/2020 11:30,10.81,20861027
7/9/2020 11:45,10.858,20861027
7/9/2020 12:00,10.932,20861027
7/9/2020 12:15,10.932,20861027
7/9/2020 12:30,11.029,20861027
7/9/2020 12:45,11.127,20861027
7/9/2020 13:00,11.224,20861027
7/9/2020 13:15,11.394,20861027
7/9/2020 13:30,11.589,20861027
7/9/2020 13:45,11.71,20861027
7/9/2020 14:00,11.929,20861027
7/9/2020 14:15,12.122,20861027
7/9/2020 14:30,12.195,20861027
7/9/2020 14:45,12.292,20861027
7/9/2020 15:00,12.413,20861027
7/9/2020 15:15,12.558,20861027
7/9/2020 15:30,12.678,20861027
7/9/2020 15:45,12.823,20861027
7/9/2020 16:00,12.847,20861027
7/9/2020 16:15,12.847,20861027
7/9/2020 16:30,13.064,20861027
7/9/2020 16:45,13.137,20861027
7/9/2020 17:00,13.161,20861027
7/9/2020 17:15,13.233,20861027
7/9/2020 17:30,13.329,20861027
7/9/2020 17:45,13.449,20861027
7/9/2020 18:00,13.546,20861027
7/9/2020 18:15,13.618,20861027
7/9/2020 18:30,13.618,20861027
7/9/2020 18:45,13.642,20861027
7/9/2020 19:00,13.666,20861027
7/9/2020 19:15,13.69,20861027
7/9/2020 19:30,13.714,20861027
7/9/2020 19:45,13.762,20861027
7/9/2020 20:00,13.786,20861027
7/9/2020 20:15,13.762,20861027
7/9/2020 20:30,13.738,20861027
7/9/2020 20:45,13.714,20861027
7/9/2020 21:00,13.642,20861027
7/9/2020 21:15,13.522,20861027
7/9/2020 21:30,13.425,20861027
7/9/2020 21:45,13.353,20861027
7/9/2020 22:00,13.305,20861027
7/9/2020 22:15,13.257,20861027
7/9/2020 22:30,13.233,20861027
7/9/2020 22:45,13.209,20861027
7/9/2020 23:00,13.209,20861027
7/9/2020 23:15,13.137,20861027
7/9/2020 23:30,12.992,20861027
7/9/2020 23:45,12.654,20861027
7/10/2020 0:00,12.751,20861027
7/10/2020 0:15,12.775,20861027
7/10/2020 0:30,12.775,20861027
7/10/2020 0:45,12.751,20861027
7/10/2020 1:00,12.703,20861027
7/10/2020 1:15,12.678,20861027
7/10/2020 1:30,12.63,20861027
7/10/2020 1:45,12.582,20861027
7/10/2020 2:00,12.534,20861027
7/10/2020 2:15,12.461,20861027
7/10/2020 2:30,12.413,20861027
7/10/2020 2:45,12.364,20861027
7/10/2020 3:00,12.34,20861027
7/10/2020 3:15,12.268,20861027
7/10/2020 3:30,12.219,20861027
7/10/2020 3:45,12.122,20861027
7/10/2020 4:00,12.05,20861027
7/10/2020 4:15,11.953,20861027
7/10/2020 4:30,11.856,20861027
7/10/2020 4:45,11.759,20861027
7/10/2020 5:00,11.686,20861027
7/10/2020 5:15,11.589,20861027
7/10/2020 5:30,11.516,20861027
7/10/2020 5:45,11.443,20861027
7/10/2020 6:00,11.346,20861027
7/10/2020 6:15,11.297,20861027
7/10/2020 6:30,11.2,20861027
7/10/2020 6:45,11.151,20861027
7/10/2020 7:00,11.102,20861027
7/10/2020 7:15,11.029,20861027
7/10/2020 7:30,11.005,20861027
7/10/2020 7:45,10.956,20861027
7/10/2020 8:00,10.932,20861027
7/10/2020 8:15,10.907,20861027
7/10/2020 8:30,10.883,20861027
7/10/2020 8:45,10.858,20861027
7/10/2020 9:00,10.883,20861027
7/10/2020 9:15,10.883,20861027
7/10/2020 9:30,10.907,20861027
7/10/2020 9:45,10.907,20861027
7/10/2020 10:00,10.907,20861027
7/10/2020 10:15,10.932,20861027
7/10/2020 10:30,10.932,20861027
7/10/2020 10:45,10.956,20861027
7/10/2020 11:00,10.932,20861027
7/10/2020 11:15,10.956,20861027
7/10/2020 11:30,10.98,20861027
7/10/2020 11:45,11.053,20861027
7/10/2020 12:00,11.053,20861027
7/10/2020 12:15,11.029,20861027
7/10/2020 12:30,11.005,20861027
7/10/2020 12:45,10.98,20861027
7/10/2020 13:00,10.956,20861027
7/10/2020 13:15,10.956,20861027
7/10/2020 13:30,10.956,20861027
7/10/2020 13:45,10.956,20861027
7/10/2020 14:00,10.956,20861027
7/10/2020 14:15,10.956,20861027
7/10/2020 14:30,11.005,20861027
7/10/2020 14:45,11.102,20861027
7/10/2020 15:00,11.224,20861027
7/10/2020 15:15,11.394,20861027
7/10/2020 15:30,11.565,20861027
7/10/2020 15:45,11.734,20861027
7/10/2020 16:00,11.807,20861027
7/10/2020 16:15,11.88,20861027
7/10/2020 16:30,12.05,20861027
7/10/2020 16:45,12.147,20861027
7/10/2020 17:00,12.268,20861027
7/10/2020 17:15,12.292,20861027
7/10/2020 17:30,12.364,20861027
7/10/2020 17:45,12.461,20861027
7/10/2020 18:00,12.582,20861027
7/10/2020 18:15,12.703,20861027
7/10/2020 18:30,12.847,20861027
7/10/2020 18:45,12.944,20861027
7/10/2020 19:00,13.016,20861027
7/10/2020 19:15,13.064,20861027
7/10/2020 19:30,13.112,20861027
7/10/2020 19:45,13.161,20861027
7/10/2020 20:00,13.185,20861027
7/10/2020 20:15,13.161,20861027
7/10/2020 20:30,13.137,20861027
7/10/2020 20:45,13.137,20861027
7/10/2020 21:00,13.137,20861027
7/10/2020 21:15,13.112,20861027
7/10/2020 21:30,13.088,20861027
7/10/2020 21:45,13.064,20861027
7/10/2020 22:00,13.04,20861027
7/10/2020 22:15,13.016,20861027
7/10/2020 22:30,12.992,20861027
7/10/2020 22:45,12.968,20861027
7/10/2020 23:00,12.944,20861027
7/10/2020 23:15,12.896,20861027
7/10/2020 23:30,12.847,20861027
7/10/2020 23:45,12.799,20861027
7/11/2020 0:00,12.775,20861027
7/11/2020 0:15,12.751,20861027
7/11/2020 0:30,12.703,20861027
7/11/2020 0:45,12.678,20861027
7/11/2020 1:00,12.654,20861027
7/11/2020 1:15,12.606,20861027
7/11/2020 1:30,12.558,20861027
7/11/2020 1:45,12.509,20861027
7/11/2020 2:00,12.461,20861027
7/11/2020 2:15,12.413,20861027
7/11/2020 2:30,12.364,20861027
7/11/2020 2:45,12.292,20861027
7/11/2020 3:00,12.219,20861027
7/11/2020 3:15,12.171,20861027
7/11/2020 3:30,12.074,20861027
7/11/2020 3:45,12.001,20861027
7/11/2020 4:00,11.929,20861027
7/11/2020 4:15,11.856,20861027
7/11/2020 4:30,11.783,20861027
7/11/2020 4:45,11.686,20861027
7/11/2020 5:00,11.613,20861027
7/11/2020 5:15,11.516,20861027
7/11/2020 5:30,11.443,20861027
7/11/2020 5:45,11.346,20861027
7/11/2020 6:00,11.273,20861027
7/11/2020 6:15,11.224,20861027
7/11/2020 6:30,11.151,20861027
7/11/2020 6:45,11.102,20861027
7/11/2020 7:00,11.053,20861027
7/11/2020 7:15,11.005,20861027
7/11/2020 7:30,10.98,20861027
7/11/2020 7:45,10.956,20861027
7/11/2020 8:00,10.956,20861027
7/11/2020 8:15,10.932,20861027
7/11/2020 8:30,10.932,20861027
7/11/2020 8:45,10.956,20861027
7/11/2020 9:00,10.956,20861027
7/11/2020 9:15,10.932,20861027
7/11/2020 9:30,10.98,20861027
7/11/2020 9:45,11.053,20861027
7/11/2020 10:00,11.078,20861027
7/11/2020 10:15,11.102,20861027
7/11/2020 10:30,11.151,20861027
7/11/2020 10:45,11.248,20861027
7/11/2020 11:00,11.346,20861027
7/11/2020 11:15,11.394,20861027
7/11/2020 11:30,11.419,20861027
7/11/2020 11:45,11.443,20861027
7/11/2020 12:00,11.467,20861027
7/11/2020 12:15,11.492,20861027
7/11/2020 12:30,11.516,20861027
7/11/2020 12:45,11.54,20861027
7/11/2020 13:00,11.637,20861027
7/11/2020 13:15,11.734,20861027
7/11/2020 13:30,11.807,20861027
7/11/2020 13:45,11.953,20861027
7/11/2020 14:00,12.098,20861027
7/11/2020 14:15,12.268,20861027
7/11/2020 14:30,12.389,20861027
7/11/2020 14:45,12.364,20861027
7/11/2020 15:00,12.292,20861027
7/11/2020 15:15,12.268,20861027
7/11/2020 15:30,12.34,20861027
7/11/2020 15:45,12.461,20861027
7/11/2020 16:00,12.582,20861027
7/11/2020 16:15,12.823,20861027
7/11/2020 16:30,12.968,20861027
7/11/2020 16:45,12.968,20861027
7/11/2020 17:00,12.944,20861027
7/11/2020 17:15,13.04,20861027
7/11/2020 17:30,13.137,20861027
7/11/2020 17:45,13.161,20861027
7/11/2020 18:00,13.281,20861027
7/11/2020 18:15,13.353,20861027
7/11/2020 18:30,13.449,20861027
7/11/2020 18:45,13.522,20861027
7/11/2020 19:00,13.57,20861027
7/11/2020 19:15,13.594,20861027
7/11/2020 19:30,13.642,20861027
7/11/2020 19:45,13.714,20861027
7/11/2020 20:00,13.762,20861027
7/11/2020 20:15,13.81,20861027
7/11/2020 20:30,13.834,20861027
7/11/2020 20:45,13.81,20861027
7/11/2020 21:00,13.738,20861027
7/11/2020 21:15,13.666,20861027
7/11/2020 21:30,13.57,20861027
7/11/2020 21:45,13.473,20861027
7/11/2020 22:00,13.401,20861027
7/11/2020 22:15,13.329,20861027
7/11/2020 22:30,13.257,20861027
7/11/2020 22:45,13.185,20861027
7/11/2020 23:00,13.137,20861027
7/11/2020 23:15,13.04,20861027
7/11/2020 23:30,12.968,20861027
7/11/2020 23:45,12.896,20861027
7/12/2020 0:00,12.847,20861027
7/12/2020 0:15,12.799,20861027
7/12/2020 0:30,12.751,20861027
7/12/2020 0:45,12.703,20861027
7/12/2020 1:00,12.654,20861027
7/12/2020 1:15,12.606,20861027
7/12/2020 1:30,12.558,20861027
7/12/2020 1:45,12.485,20861027
7/12/2020 2:00,12.413,20861027
7/12/2020 2:15,12.364,20861027
7/12/2020 2:30,12.292,20861027
7/12/2020 2:45,12.243,20861027
7/12/2020 3:00,12.195,20861027
7/12/2020 3:15,12.122,20861027
7/12/2020 3:30,12.074,20861027
7/12/2020 3:45,12.025,20861027
7/12/2020 4:00,11.977,20861027
7/12/2020 4:15,11.929,20861027
7/12/2020 4:30,11.88,20861027
7/12/2020 4:45,11.832,20861027
7/12/2020 5:00,11.783,20861027
7/12/2020 5:15,11.734,20861027
7/12/2020 5:30,11.686,20861027
7/12/2020 5:45,11.637,20861027
7/12/2020 6:00,11.589,20861027
7/12/2020 6:15,11.54,20861027
7/12/2020 6:30,11.492,20861027
7/12/2020 6:45,11.467,20861027
7/12/2020 7:00,11.443,20861027
7/12/2020 7:15,11.394,20861027
7/12/2020 7:30,11.346,20861027
7/12/2020 7:45,11.321,20861027
7/12/2020 8:00,11.297,20861027
7/12/2020 8:15,11.273,20861027
7/12/2020 8:30,11.248,20861027
7/12/2020 8:45,11.2,20861027
7/12/2020 9:00,11.175,20861027
7/12/2020 9:15,11.151,20861027
7/12/2020 9:30,11.151,20861027
7/12/2020 9:45,11.127,20861027
7/12/2020 10:00,11.102,20861027
7/12/2020 10:15,11.102,20861027
7/12/2020 10:30,11.102,20861027
7/12/2020 10:45,11.102,20861027
7/12/2020 11:00,11.127,20861027
7/12/2020 11:15,11.127,20861027
7/12/2020 11:30,11.151,20861027
7/12/2020 11:45,11.151,20861027
7/12/2020 12:00,11.175,20861027
7/12/2020 12:15,11.2,20861027
7/12/2020 12:30,11.224,20861027
7/12/2020 12:45,11.248,20861027
7/12/2020 13:00,11.273,20861027
7/12/2020 13:15,11.273,20861027
7/12/2020 13:30,11.297,20861027
7/12/2020 13:45,11.321,20861027
7/12/2020 14:00,11.321,20861027
7/12/2020 14:15,11.321,20861027
7/12/2020 14:30,11.346,20861027
7/12/2020 14:45,11.419,20861027
7/12/2020 15:00,11.54,20861027
7/12/2020 15:15,11.589,20861027
7/12/2020 15:30,11.71,20861027
7/12/2020 15:45,11.783,20861027
7/12/2020 16:00,11.807,20861027
7/12/2020 16:15,11.807,20861027
7/12/2020 16:30,11.807,20861027
7/12/2020 16:45,11.807,20861027
7/12/2020 17:00,11.832,20861027
7/12/2020 17:15,11.807,20861027
7/12/2020 17:30,11.759,20861027
7/12/2020 17:45,11.71,20861027
7/12/2020 18:00,11.686,20861027
7/12/2020 18:15,11.662,20861027
7/12/2020 18:30,11.637,20861027
7/12/2020 18:45,11.613,20861027
7/12/2020 19:00,11.589,20861027
7/12/2020 19:15,11.589,20861027
7/12/2020 19:30,11.565,20861027
7/12/2020 19:45,11.54,20861027
7/12/2020 20:00,11.516,20861027
7/12/2020 20:15,11.516,20861027
7/12/2020 20:30,11.492,20861027
7/12/2020 20:45,11.516,20861027
7/12/2020 21:00,11.54,20861027
7/12/2020 21:15,11.565,20861027
7/12/2020 21:30,11.54,20861027
7/12/2020 21:45,11.516,20861027
7/12/2020 22:00,11.492,20861027
7/12/2020 22:15,11.467,20861027
7/12/2020 22:30,11.443,20861027
7/12/2020 22:45,11.419,20861027
7/12/2020 23:00,11.394,20861027
7/12/2020 23:15,11.346,20861027
7/12/2020 23:30,11.321,20861027
7/12/2020 23:45,11.297,20861027
7/13/2020 0:00,11.248,20861027
7/13/2020 0:15,11.2,20861027
7/13/2020 0:30,11.127,20861027
7/13/2020 0:45,11.053,20861027
7/13/2020 1:00,11.005,20861027
7/13/2020 1:15,10.907,20861027
7/13/2020 1:30,10.858,20861027
7/13/2020 1:45,10.761,20861027
7/13/2020 2:00,10.712,20861027
7/13/2020 2:15,10.614,20861027
7/13/2020 2:30,10.541,20861027
7/13/2020 2:45,10.467,20861027
7/13/2020 3:00,10.369,20861027
7/13/2020 3:15,10.296,20861027
7/13/2020 3:30,10.222,20861027
7/13/2020 3:45,10.124,20861027
7/13/2020 4:00,10.051,20861027
7/13/2020 4:15,9.952,20861027
7/13/2020 4:30,9.879,20861027
7/13/2020 4:45,9.78,20861027
7/13/2020 5:00,9.706,20861027
7/13/2020 5:15,9.632,20861027
7/13/2020 5:30,9.558,20861027
7/13/2020 5:45,9.485,20861027
7/13/2020 6:00,9.435,20861027
7/13/2020 6:15,9.386,20861027
7/13/2020 6:30,9.336,20861027
7/13/2020 6:45,9.287,20861027
7/13/2020 7:00,9.262,20861027
7/13/2020 7:15,9.238,20861027
7/13/2020 7:30,9.238,20861027
7/13/2020 7:45,9.213,20861027
7/13/2020 8:00,9.188,20861027
7/13/2020 8:15,9.188,20861027
7/13/2020 8:30,9.188,20861027
7/13/2020 8:45,9.188,20861027
7/13/2020 9:00,9.188,20861027
7/13/2020 9:15,9.188,20861027
7/13/2020 9:30,9.188,20861027
7/13/2020 9:45,9.188,20861027
7/13/2020 10:00,9.213,20861027
7/13/2020 10:15,9.238,20861027
7/13/2020 10:30,9.238,20861027
7/13/2020 10:45,9.238,20861027
7/13/2020 11:00,9.287,20861027
7/13/2020 11:15,9.312,20861027
7/13/2020 11:30,9.336,20861027
7/13/2020 11:45,9.435,20861027
7/13/2020 12:00,9.558,20861027
7/13/2020 12:15,9.706,20861027
7/13/2020 12:30,9.903,20861027
7/13/2020 12:45,10.051,20861027
7/13/2020 13:00,10.222,20861027
7/13/2020 13:15,10.467,20861027
7/13/2020 13:30,10.614,20861027
7/13/2020 13:45,10.687,20861027
7/13/2020 14:00,10.712,20861027
7/13/2020 14:15,10.687,20861027
7/13/2020 14:30,10.81,20861027
7/13/2020 14:45,10.81,20861027
7/13/2020 15:00,10.785,20861027
7/13/2020 15:15,10.761,20861027
7/13/2020 15:30,10.761,20861027
7/13/2020 15:45,10.785,20861027
7/13/2020 16:00,10.81,20861027
7/13/2020 16:15,10.932,20861027
7/13/2020 16:30,11.127,20861027
7/13/2020 16:45,11.2,20861027
7/13/2020 17:00,11.273,20861027
7/13/2020 17:15,11.394,20861027
7/13/2020 17:30,11.565,20861027
7/13/2020 17:45,11.71,20861027
7/13/2020 18:00,11.88,20861027
7/13/2020 18:15,11.977,20861027
7/13/2020 18:30,12.074,20861027
7/13/2020 18:45,12.122,20861027
7/13/2020 19:00,12.195,20861027
7/13/2020 19:15,12.268,20861027
7/13/2020 19:30,12.316,20861027
7/13/2020 19:45,12.34,20861027
7/13/2020 20:00,12.364,20861027
7/13/2020 20:15,12.413,20861027
7/13/2020 20:30,12.437,20861027
7/13/2020 20:45,12.437,20861027
7/13/2020 21:00,12.461,20861027
7/13/2020 21:15,12.485,20861027
7/13/2020 21:30,12.509,20861027
7/13/2020 21:45,12.485,20861027
7/13/2020 22:00,12.461,20861027
7/13/2020 22:15,12.461,20861027
7/13/2020 22:30,12.461,20861027
7/13/2020 22:45,12.485,20861027
7/13/2020 23:00,12.461,20861027
7/13/2020 23:15,12.413,20861027
7/13/2020 23:30,12.364,20861027
7/13/2020 23:45,12.292,20861027
7/14/2020 0:00,12.195,20861027
7/14/2020 0:15,12.122,20861027
7/14/2020 0:30,12.074,20861027
7/14/2020 0:45,12.001,20861027
7/14/2020 1:00,11.977,20861027
7/14/2020 1:15,11.88,20861027
7/14/2020 1:30,11.807,20861027
7/14/2020 1:45,11.734,20861027
7/14/2020 2:00,11.662,20861027
7/14/2020 2:15,11.589,20861027
7/14/2020 2:30,11.516,20861027
7/14/2020 2:45,11.419,20861027
7/14/2020 3:00,11.321,20861027
7/14/2020 3:15,11.248,20861027
7/14/2020 3:30,11.151,20861027
7/14/2020 3:45,11.053,20861027
7/14/2020 4:00,10.932,20861027
7/14/2020 4:15,10.834,20861027
7/14/2020 4:30,10.712,20861027
7/14/2020 4:45,10.614,20861027
7/14/2020 5:00,10.516,20861027
7/14/2020 5:15,10.418,20861027
7/14/2020 5:30,10.32,20861027
7/14/2020 5:45,10.247,20861027
7/14/2020 6:00,10.149,20861027
7/14/2020 6:15,10.075,20861027
7/14/2020 6:30,9.977,20861027
7/14/2020 6:45,9.903,20861027
7/14/2020 7:00,9.829,20861027
7/14/2020 7:15,9.756,20861027
7/14/2020 7:30,9.706,20861027
7/14/2020 7:45,9.657,20861027
7/14/2020 8:00,9.632,20861027
7/14/2020 8:15,9.608,20861027
7/14/2020 8:30,9.583,20861027
7/14/2020 8:45,9.583,20861027
7/14/2020 9:00,9.608,20861027
7/14/2020 9:15,9.632,20861027
7/14/2020 9:30,9.682,20861027
7/14/2020 9:45,9.731,20861027
7/14/2020 10:00,9.805,20861027
7/14/2020 10:15,9.903,20861027
7/14/2020 10:30,9.977,20861027
7/14/2020 10:45,10.1,20861027
7/14/2020 11:00,10.222,20861027
7/14/2020 11:15,10.345,20861027
7/14/2020 11:30,10.492,20861027
7/14/2020 11:45,10.638,20861027
7/14/2020 12:00,10.81,20861027
7/14/2020 12:15,10.98,20861027
7/14/2020 12:30,11.175,20861027
7/14/2020 12:45,11.346,20861027
7/14/2020 13:00,11.54,20861027
7/14/2020 13:15,11.734,20861027
7/14/2020 13:30,11.929,20861027
7/14/2020 13:45,12.122,20861027
7/14/2020 14:00,12.316,20861027
7/14/2020 14:15,12.485,20861027
7/14/2020 14:30,12.727,20861027
7/14/2020 14:45,12.775,20861027
7/14/2020 15:00,12.92,20861027
7/14/2020 15:15,13.04,20861027
7/14/2020 15:30,13.233,20861027
7/14/2020 15:45,13.377,20861027
7/14/2020 16:00,13.57,20861027
7/14/2020 16:15,13.714,20861027
7/14/2020 16:30,13.834,20861027
7/14/2020 16:45,13.93,20861027
7/14/2020 17:00,14.026,20861027
7/14/2020 17:15,14.122,20861027
7/14/2020 17:30,14.218,20861027
7/14/2020 17:45,14.29,20861027
7/14/2020 18:00,14.361,20861027
7/14/2020 18:15,14.385,20861027
7/14/2020 18:30,14.433,20861027
7/14/2020 18:45,14.457,20861027
7/14/2020 19:00,14.433,20861027
7/14/2020 19:15,14.433,20861027
7/14/2020 19:30,14.409,20861027
7/14/2020 19:45,14.409,20861027
7/14/2020 20:00,14.385,20861027
7/14/2020 20:15,14.337,20861027
7/14/2020 20:30,14.29,20861027
7/14/2020 20:45,14.242,20861027
7/14/2020 21:00,14.194,20861027
7/14/2020 21:15,14.146,20861027
7/14/2020 21:30,14.122,20861027
7/14/2020 21:45,14.098,20861027
7/14/2020 22:00,14.05,20861027
7/14/2020 22:15,14.026,20861027
7/14/2020 22:30,14.002,20861027
7/14/2020 22:45,13.954,20861027
7/14/2020 23:00,13.906,20861027
7/14/2020 23:15,13.858,20861027
7/14/2020 23:30,13.762,20861027
7/14/2020 23:45,13.69,20861027
7/15/2020 0:00,13.594,20861027
7/15/2020 0:15,13.522,20861027
7/15/2020 0:30,13.425,20861027
7/15/2020 0:45,13.305,20861027
7/15/2020 1:00,13.185,20861027
7/15/2020 1:15,13.088,20861027
7/15/2020 1:30,12.992,20861027
7/15/2020 1:45,12.896,20861027
7/15/2020 2:00,12.799,20861027
7/15/2020 2:15,12.703,20861027
7/15/2020 2:30,12.606,20861027
7/15/2020 2:45,12.509,20861027
7/15/2020 3:00,12.437,20861027
7/15/2020 3:15,12.34,20861027
7/15/2020 3:30,12.268,20861027
7/15/2020 3:45,12.171,20861027
7/15/2020 4:00,12.074,20861027
7/15/2020 4:15,11.977,20861027
7/15/2020 4:30,11.904,20861027
7/15/2020 4:45,11.807,20861027
7/15/2020 5:00,11.71,20861027
7/15/2020 5:15,11.613,20861027
7/15/2020 5:30,11.516,20861027
7/15/2020 5:45,11.419,20861027
7/15/2020 6:00,11.346,20861027
7/15/2020 6:15,11.248,20861027
7/15/2020 6:30,11.175,20861027
7/15/2020 6:45,11.102,20861027
7/15/2020 7:00,11.029,20861027
7/15/2020 7:15,10.956,20861027
7/15/2020 7:30,10.907,20861027
7/15/2020 7:45,10.883,20861027
7/15/2020 8:00,10.834,20861027
7/15/2020 8:15,10.81,20861027
7/15/2020 8:30,10.761,20861027
7/15/2020 8:45,10.761,20861027
7/15/2020 9:00,10.761,20861027
7/15/2020 9:15,10.785,20861027
7/15/2020 9:30,10.81,20861027
7/15/2020 9:45,10.858,20861027
7/15/2020 10:00,10.907,20861027
7/15/2020 10:15,11.005,20861027
7/15/2020 10:30,11.102,20861027
7/15/2020 10:45,11.2,20861027
7/15/2020 11:00,11.297,20861027
7/15/2020 11:15,11.443,20861027
7/15/2020 11:30,11.589,20861027
7/15/2020 11:45,11.734,20861027
7/15/2020 12:00,11.88,20861027
7/15/2020 12:15,12.05,20861027
7/15/2020 12:30,12.219,20861027
7/15/2020 12:45,12.413,20861027
7/15/2020 13:00,12.606,20861027
7/15/2020 13:15,12.775,20861027
7/15/2020 13:30,12.968,20861027
7/15/2020 13:45,13.161,20861027
7/15/2020 14:00,13.353,20861027
7/15/2020 14:15,13.522,20861027
7/15/2020 14:30,13.666,20861027
7/15/2020 14:45,13.858,20861027
7/15/2020 15:00,14.026,20861027
7/15/2020 15:15,14.194,20861027
7/15/2020 15:30,14.337,20861027
7/15/2020 15:45,14.481,20861027
7/15/2020 16:00,14.625,20861027
7/15/2020 16:15,14.745,20861027
7/15/2020 16:30,14.864,20861027
7/15/2020 16:45,14.984,20861027
7/15/2020 17:00,15.079,20861027
7/15/2020 17:15,15.199,20861027
7/15/2020 17:30,15.27,20861027
7/15/2020 17:45,15.342,20861027
7/15/2020 18:00,15.414,20861027
7/15/2020 18:15,15.485,20861027
7/15/2020 18:30,15.533,20861027
7/15/2020 18:45,15.557,20861027
7/15/2020 19:00,15.581,20861027
7/15/2020 19:15,15.581,20861027
7/15/2020 19:30,15.557,20861027
7/15/2020 19:45,15.557,20861027
7/15/2020 20:00,15.533,20861027
7/15/2020 20:15,15.533,20861027
7/15/2020 20:30,15.485,20861027
7/15/2020 20:45,15.485,20861027
7/15/2020 21:00,15.461,20861027
7/15/2020 21:15,15.414,20861027
7/15/2020 21:30,15.39,20861027
7/15/2020 21:45,15.342,20861027
7/15/2020 22:00,15.318,20861027
7/15/2020 22:15,15.27,20861027
7/15/2020 22:30,15.247,20861027
7/15/2020 22:45,15.199,20861027
7/15/2020 23:00,15.127,20861027
7/15/2020 23:15,15.055,20861027
7/15/2020 23:30,15.008,20861027
7/15/2020 23:45,14.912,20861027
7/16/2020 0:00,14.84,20861027
7/16/2020 0:15,14.768,20861027
7/16/2020 0:30,14.673,20861027
7/16/2020 0:45,14.577,20861027
7/16/2020 1:00,14.505,20861027
7/16/2020 1:15,14.409,20861027
7/16/2020 1:30,14.314,20861027
7/16/2020 1:45,14.218,20861027
7/16/2020 2:00,14.122,20861027
7/16/2020 2:15,14.026,20861027
7/16/2020 2:30,13.93,20861027
7/16/2020 2:45,13.81,20861027
7/16/2020 3:00,13.714,20861027
7/16/2020 3:15,13.594,20861027
7/16/2020 3:30,13.497,20861027
7/16/2020 3:45,13.401,20861027
7/16/2020 4:00,13.281,20861027
7/16/2020 4:15,13.185,20861027
7/16/2020 4:30,13.088,20861027
7/16/2020 4:45,12.968,20861027
7/16/2020 5:00,12.871,20861027
7/16/2020 5:15,12.751,20861027
7/16/2020 5:30,12.654,20861027
7/16/2020 5:45,12.534,20861027
7/16/2020 6:00,12.437,20861027
7/16/2020 6:15,12.34,20861027
7/16/2020 6:30,12.243,20861027
7/16/2020 6:45,12.171,20861027
7/16/2020 7:00,12.098,20861027
7/16/2020 7:15,12.025,20861027
7/16/2020 7:30,11.977,20861027
7/16/2020 7:45,11.904,20861027
7/16/2020 8:00,11.88,20861027
7/16/2020 8:15,11.832,20861027
7/16/2020 8:30,11.807,20861027
7/16/2020 8:45,11.783,20861027
7/16/2020 9:00,11.783,20861027
7/16/2020 9:15,11.807,20861027
7/16/2020 9:30,11.832,20861027
7/16/2020 9:45,11.856,20861027
7/16/2020 10:00,11.856,20861027
7/16/2020 10:15,11.856,20861027
7/16/2020 10:30,11.856,20861027
7/16/2020 10:45,11.88,20861027
7/16/2020 11:00,11.904,20861027
7/16/2020 11:15,11.929,20861027
7/16/2020 11:30,11.977,20861027
7/16/2020 11:45,12.074,20861027
7/16/2020 12:00,12.219,20861027
7/16/2020 12:15,12.364,20861027
7/16/2020 12:30,12.509,20861027
7/16/2020 12:45,12.63,20861027
7/16/2020 13:00,12.751,20861027
7/16/2020 13:15,12.847,20861027
7/16/2020 13:30,12.944,20861027
7/16/2020 13:45,13.088,20861027
7/16/2020 14:00,13.257,20861027
7/16/2020 14:15,13.425,20861027
7/16/2020 14:30,13.57,20861027
7/16/2020 14:45,13.618,20861027
7/16/2020 15:00,13.666,20861027
7/16/2020 15:15,13.69,20861027
7/16/2020 15:30,13.714,20861027
7/16/2020 15:45,13.762,20861027
7/16/2020 16:00,13.882,20861027
7/16/2020 16:15,13.978,20861027
7/16/2020 16:30,14.098,20861027
7/16/2020 16:45,14.194,20861027
7/16/2020 17:00,14.337,20861027
7/16/2020 17:15,14.505,20861027
7/16/2020 17:30,14.649,20861027
7/16/2020 17:45,14.768,20861027
7/16/2020 18:00,14.84,20861027
7/16/2020 18:15,14.864,20861027
7/16/2020 18:30,14.888,20861027
7/16/2020 18:45,14.888,20861027
7/16/2020 19:00,14.912,20861027
7/16/2020 19:15,14.936,20861027
7/16/2020 19:30,14.96,20861027
7/16/2020 19:45,14.936,20861027
7/16/2020 20:00,14.936,20861027
7/16/2020 20:15,14.888,20861027
7/16/2020 20:30,14.864,20861027
7/16/2020 20:45,14.816,20861027
7/16/2020 21:00,14.768,20861027
7/16/2020 21:15,14.697,20861027
7/16/2020 21:30,14.673,20861027
7/16/2020 21:45,14.625,20861027
7/16/2020 22:00,14.577,20861027
7/16/2020 22:15,14.553,20861027
7/16/2020 22:30,14.529,20861027
7/16/2020 22:45,14.505,20861027
7/16/2020 23:00,14.457,20861027
7/16/2020 23:15,14.409,20861027
7/16/2020 23:30,14.337,20861027
7/16/2020 23:45,14.29,20861027
7/17/2020 0:00,14.17,20861027
7/17/2020 0:15,14.098,20861027
7/17/2020 0:30,14.002,20861027
7/17/2020 0:45,13.906,20861027
7/17/2020 1:00,13.834,20861027
7/17/2020 1:15,13.762,20861027
7/17/2020 1:30,13.69,20861027
7/17/2020 1:45,13.618,20861027
7/17/2020 2:00,13.522,20861027
7/17/2020 2:15,13.449,20861027
7/17/2020 2:30,13.401,20861027
7/17/2020 2:45,13.353,20861027
7/17/2020 3:00,13.281,20861027
7/17/2020 3:15,13.233,20861027
7/17/2020 3:30,13.161,20861027
7/17/2020 3:45,13.112,20861027
7/17/2020 4:00,13.04,20861027
7/17/2020 4:15,12.992,20861027
7/17/2020 4:30,12.944,20861027
7/17/2020 4:45,12.871,20861027
7/17/2020 5:00,12.799,20861027
7/17/2020 5:15,12.751,20861027
7/17/2020 5:30,12.703,20861027
7/17/2020 5:45,12.63,20861027
7/17/2020 6:00,12.582,20861027
7/17/2020 6:15,12.509,20861027
7/17/2020 6:30,12.461,20861027
7/17/2020 6:45,12.413,20861027
7/17/2020 7:00,12.364,20861027
7/17/2020 7:15,12.316,20861027
7/17/2020 7:30,12.243,20861027
7/17/2020 7:45,12.219,20861027
7/17/2020 8:00,12.171,20861027
7/17/2020 8:15,12.122,20861027
7/17/2020 8:30,12.074,20861027
7/17/2020 8:45,12.025,20861027
7/17/2020 9:00,12.001,20861027
7/17/2020 9:15,11.977,20861027
7/17/2020 9:30,11.977,20861027
7/17/2020 9:45,11.977,20861027
7/17/2020 10:00,11.977,20861027
7/17/2020 10:15,11.977,20861027
7/17/2020 10:30,12.001,20861027
7/17/2020 10:45,12.05,20861027
7/17/2020 11:00,12.122,20861027
7/17/2020 11:15,12.195,20861027
7/17/2020 11:30,12.292,20861027
7/17/2020 11:45,12.364,20861027
7/17/2020 12:00,12.437,20861027
7/17/2020 12:15,12.509,20861027
7/17/2020 12:30,12.558,20861027
7/17/2020 12:45,12.63,20861027
7/17/2020 13:00,12.703,20861027
7/17/2020 13:15,12.751,20861027
7/17/2020 13:30,12.823,20861027
7/17/2020 13:45,12.847,20861027
7/17/2020 14:00,12.847,20861027
7/17/2020 14:15,12.847,20861027
7/17/2020 14:30,12.847,20861027
7/17/2020 14:45,12.847,20861027
7/17/2020 15:00,12.847,20861027
7/17/2020 15:15,12.896,20861027
7/17/2020 15:30,12.896,20861027
7/17/2020 15:45,12.896,20861027
7/17/2020 16:00,12.847,20861027
7/17/2020 16:15,12.823,20861027
7/17/2020 16:30,12.799,20861027
7/17/2020 16:45,12.799,20861027
7/17/2020 17:00,12.823,20861027
7/17/2020 17:15,12.823,20861027
7/17/2020 17:30,12.799,20861027
7/17/2020 17:45,12.799,20861027
7/17/2020 18:00,12.775,20861027
7/17/2020 18:15,12.775,20861027
7/17/2020 18:30,12.775,20861027
7/17/2020 18:45,12.775,20861027
7/17/2020 19:00,12.799,20861027
7/17/2020 19:15,12.799,20861027
7/17/2020 19:30,12.799,20861027
7/17/2020 19:45,12.799,20861027
7/17/2020 20:00,12.823,20861027
7/17/2020 20:15,12.823,20861027
7/17/2020 20:30,12.823,20861027
7/17/2020 20:45,12.823,20861027
7/17/2020 21:00,12.799,20861027
7/17/2020 21:15,12.799,20861027
7/17/2020 21:30,12.751,20861027
7/17/2020 21:45,12.751,20861027
7/17/2020 22:00,12.703,20861027
7/17/2020 22:15,12.678,20861027
7/17/2020 22:30,12.63,20861027
7/17/2020 22:45,12.606,20861027
7/17/2020 23:00,12.558,20861027
7/17/2020 23:15,12.534,20861027
7/17/2020 23:30,12.485,20861027
7/17/2020 23:45,12.461,20861027
7/18/2020 0:00,12.413,20861027
7/18/2020 0:15,12.389,20861027
7/18/2020 0:30,12.34,20861027
7/18/2020 0:45,12.292,20861027
7/18/2020 1:00,12.268,20861027
7/18/2020 1:15,12.219,20861027
7/18/2020 1:30,12.171,20861027
7/18/2020 1:45,12.122,20861027
7/18/2020 2:00,12.074,20861027
7/18/2020 2:15,12.025,20861027
7/18/2020 2:30,11.977,20861027
7/18/2020 2:45,11.929,20861027
7/18/2020 3:00,11.88,20861027
7/18/2020 3:15,11.832,20861027
7/18/2020 3:30,11.783,20861027
7/18/2020 3:45,11.759,20861027
7/18/2020 4:00,11.71,20861027
7/18/2020 4:15,11.662,20861027
7/18/2020 4:30,11.589,20861027
7/18/2020 4:45,11.54,20861027
7/18/2020 5:00,11.492,20861027
7/18/2020 5:15,11.443,20861027
7/18/2020 5:30,11.394,20861027
7/18/2020 5:45,11.346,20861027
7/18/2020 6:00,11.321,20861027
7/18/2020 6:15,11.297,20861027
7/18/2020 6:30,11.273,20861027
7/18/2020 6:45,11.248,20861027
7/18/2020 7:00,11.2,20861027
7/18/2020 7:15,11.2,20861027
7/18/2020 7:30,11.175,20861027
7/18/2020 7:45,11.151,20861027
7/18/2020 8:00,11.151,20861027
7/18/2020 8:15,11.151,20861027
7/18/2020 8:30,11.151,20861027
7/18/2020 8:45,11.175,20861027
7/18/2020 9:00,11.175,20861027
7/18/2020 9:15,11.2,20861027
7/18/2020 9:30,11.248,20861027
7/18/2020 9:45,11.321,20861027
7/18/2020 10:00,11.394,20861027
7/18/2020 10:15,11.443,20861027
7/18/2020 10:30,11.589,20861027
7/18/2020 10:45,11.71,20861027
7/18/2020 11:00,11.759,20861027
7/18/2020 11:15,11.832,20861027
7/18/2020 11:30,11.953,20861027
7/18/2020 11:45,12.025,20861027
7/18/2020 12:00,12.171,20861027
7/18/2020 12:15,12.195,20861027
7/18/2020 12:30,12.219,20861027
7/18/2020 12:45,12.243,20861027
7/18/2020 13:00,12.34,20861027
7/18/2020 13:15,12.437,20861027
7/18/2020 13:30,12.485,20861027
7/18/2020 13:45,12.558,20861027
7/18/2020 14:00,12.654,20861027
7/18/2020 14:15,12.703,20861027
7/18/2020 14:30,12.751,20861027
7/18/2020 14:45,12.823,20861027
7/18/2020 15:00,12.871,20861027
7/18/2020 15:15,12.944,20861027
7/18/2020 15:30,13.04,20861027
7/18/2020 15:45,13.161,20861027
7/18/2020 16:00,13.281,20861027
7/18/2020 16:15,13.425,20861027
7/18/2020 16:30,13.546,20861027
7/18/2020 16:45,13.666,20861027
7/18/2020 17:00,13.786,20861027
7/18/2020 17:15,13.906,20861027
7/18/2020 17:30,14.002,20861027
7/18/2020 17:45,14.122,20861027
7/18/2020 18:00,14.242,20861027
7/18/2020 18:15,14.337,20861027
7/18/2020 18:30,14.385,20861027
7/18/2020 18:45,14.409,20861027
7/18/2020 19:00,14.433,20861027
7/18/2020 19:15,14.409,20861027
7/18/2020 19:30,14.385,20861027
7/18/2020 19:45,14.337,20861027
7/18/2020 20:00,14.29,20861027
7/18/2020 20:15,14.242,20861027
7/18/2020 20:30,14.194,20861027
7/18/2020 20:45,14.146,20861027
7/18/2020 21:00,14.146,20861027
7/18/2020 21:15,14.122,20861027
7/18/2020 21:30,14.122,20861027
7/18/2020 21:45,14.098,20861027
7/18/2020 22:00,14.098,20861027
7/18/2020 22:15,14.074,20861027
7/18/2020 22:30,14.05,20861027
7/18/2020 22:45,14.026,20861027
7/18/2020 23:00,14.002,20861027
7/18/2020 23:15,13.978,20861027
7/18/2020 23:30,13.954,20861027
7/18/2020 23:45,13.93,20861027
7/19/2020 0:00,13.906,20861027
7/19/2020 0:15,13.858,20861027
7/19/2020 0:30,13.81,20861027
7/19/2020 0:45,13.762,20861027
7/19/2020 1:00,13.714,20861027
7/19/2020 1:15,13.666,20861027
7/19/2020 1:30,13.618,20861027
7/19/2020 1:45,13.57,20861027
7/19/2020 2:00,13.522,20861027
7/19/2020 2:15,13.473,20861027
7/19/2020 2:30,13.425,20861027
7/19/2020 2:45,13.353,20861027
7/19/2020 3:00,13.305,20861027
7/19/2020 3:15,13.233,20861027
7/19/2020 3:30,13.185,20861027
7/19/2020 3:45,13.137,20861027
7/19/2020 4:00,13.064,20861027
7/19/2020 4:15,13.016,20861027
7/19/2020 4:30,12.944,20861027
7/19/2020 4:45,12.896,20861027
7/19/2020 5:00,12.823,20861027
7/19/2020 5:15,12.775,20861027
7/19/2020 5:30,12.703,20861027
7/19/2020 5:45,12.63,20861027
7/19/2020 6:00,12.582,20861027
7/19/2020 6:15,12.509,20861027
7/19/2020 6:30,12.461,20861027
7/19/2020 6:45,12.413,20861027
7/19/2020 7:00,12.364,20861027
7/19/2020 7:15,12.292,20861027
7/19/2020 7:30,12.268,20861027
7/19/2020 7:45,12.219,20861027
7/19/2020 8:00,12.171,20861027
7/19/2020 8:15,12.122,20861027
7/19/2020 8:30,12.098,20861027
7/19/2020 8:45,12.074,20861027
7/19/2020 9:00,12.074,20861027
7/19/2020 9:15,12.05,20861027
7/19/2020 9:30,12.025,20861027
7/19/2020 9:45,12.025,20861027
7/19/2020 10:00,12.025,20861027
7/19/2020 10:15,12.025,20861027
7/19/2020 10:30,12.001,20861027
7/19/2020 10:45,12.001,20861027
7/19/2020 11:00,12.025,20861027
7/19/2020 11:15,12.025,20861027
7/19/2020 11:30,12.025,20861027
7/19/2020 11:45,12.025,20861027
7/19/2020 12:00,12.05,20861027
7/19/2020 12:15,12.074,20861027
7/19/2020 12:30,12.147,20861027
7/19/2020 12:45,12.219,20861027
7/19/2020 13:00,12.243,20861027
7/19/2020 13:15,12.268,20861027
7/19/2020 13:30,12.316,20861027
7/19/2020 13:45,12.292,20861027
7/19/2020 14:00,12.316,20861027
7/19/2020 14:15,12.316,20861027
7/19/2020 14:30,12.316,20861027
7/19/2020 14:45,12.316,20861027
7/19/2020 15:00,12.34,20861027
7/19/2020 15:15,12.364,20861027
7/19/2020 15:30,12.364,20861027
7/19/2020 15:45,12.389,20861027
7/19/2020 16:00,12.413,20861027
7/19/2020 16:15,12.461,20861027
7/19/2020 16:30,12.485,20861027
7/19/2020 16:45,12.509,20861027
7/19/2020 17:00,12.534,20861027
7/19/2020 17:15,12.558,20861027
7/19/2020 17:30,12.558,20861027
7/19/2020 17:45,12.558,20861027
7/19/2020 18:00,12.558,20861027
7/19/2020 18:15,12.558,20861027
7/19/2020 18:30,12.534,20861027
7/19/2020 18:45,12.509,20861027
7/19/2020 19:00,12.485,20861027
7/19/2020 19:15,12.461,20861027
7/19/2020 19:30,12.437,20861027
7/19/2020 19:45,12.413,20861027
7/19/2020 20:00,12.413,20861027
7/19/2020 20:15,12.389,20861027
7/19/2020 20:30,12.364,20861027
7/19/2020 20:45,12.316,20861027
7/19/2020 21:00,12.316,20861027
7/19/2020 21:15,12.268,20861027
7/19/2020 21:30,12.243,20861027
7/19/2020 21:45,12.219,20861027
7/19/2020 22:00,12.195,20861027
7/19/2020 22:15,12.147,20861027
7/19/2020 22:30,12.122,20861027
7/19/2020 22:45,12.074,20861027
7/19/2020 23:00,12.074,20861027
7/19/2020 23:15,12.025,20861027
7/19/2020 23:30,12.001,20861027
7/19/2020 23:45,11.977,20861027
7/20/2020 0:00,11.929,20861027
7/20/2020 0:15,11.88,20861027
7/20/2020 0:30,11.856,20861027
7/20/2020 0:45,11.832,20861027
7/20/2020 1:00,11.783,20861027
7/20/2020 1:15,11.759,20861027
7/20/2020 1:30,11.71,20861027
7/20/2020 1:45,11.686,20861027
7/20/2020 2:00,11.662,20861027
7/20/2020 2:15,11.613,20861027
7/20/2020 2:30,11.589,20861027
7/20/2020 2:45,11.54,20861027
7/20/2020 3:00,11.516,20861027
7/20/2020 3:15,11.467,20861027
7/20/2020 3:30,11.443,20861027
7/20/2020 3:45,11.394,20861027
7/20/2020 4:00,11.346,20861027
7/20/2020 4:15,11.321,20861027
7/20/2020 4:30,11.273,20861027
7/20/2020 4:45,11.248,20861027
7/20/2020 5:00,11.2,20861027
7/20/2020 5:15,11.175,20861027
7/20/2020 5:30,11.127,20861027
7/20/2020 5:45,11.078,20861027
7/20/2020 6:00,11.053,20861027
7/20/2020 6:15,11.005,20861027
7/20/2020 6:30,10.98,20861027
7/20/2020 6:45,10.956,20861027
7/20/2020 7:00,10.932,20861027
7/20/2020 7:15,10.907,20861027
7/20/2020 7:30,10.883,20861027
7/20/2020 7:45,10.858,20861027
7/20/2020 8:00,10.834,20861027
7/20/2020 8:15,10.81,20861027
7/20/2020 8:30,10.81,20861027
7/20/2020 8:45,10.81,20861027
7/20/2020 9:00,10.81,20861027
7/20/2020 9:15,10.81,20861027
7/20/2020 9:30,10.81,20861027
7/20/2020 9:45,10.834,20861027
7/20/2020 10:00,10.858,20861027
7/20/2020 10:15,10.883,20861027
7/20/2020 10:30,10.932,20861027
7/20/2020 10:45,10.98,20861027
7/20/2020 11:00,11.029,20861027
7/20/2020 11:15,11.078,20861027
7/20/2020 11:30,11.102,20861027
7/20/2020 11:45,11.127,20861027
7/20/2020 12:00,11.151,20861027
7/20/2020 12:15,11.2,20861027
7/20/2020 12:30,11.248,20861027
7/20/2020 12:45,11.346,20861027
7/20/2020 13:00,11.516,20861027
7/20/2020 13:15,11.71,20861027
7/20/2020 13:30,11.856,20861027
7/20/2020 13:45,11.929,20861027
7/20/2020 14:00,12.122,20861027
7/20/2020 14:15,12.34,20861027
7/20/2020 14:30,12.582,20861027
7/20/2020 14:45,12.799,20861027
7/20/2020 15:00,12.968,20861027
7/20/2020 15:15,13.185,20861027
7/20/2020 15:30,13.377,20861027
7/20/2020 15:45,13.401,20861027
7/20/2020 16:00,13.522,20861027
7/20/2020 16:15,13.57,20861027
7/20/2020 16:30,13.57,20861027
7/20/2020 16:45,13.618,20861027
7/20/2020 17:00,13.738,20861027
7/20/2020 17:15,13.858,20861027
7/20/2020 17:30,14.002,20861027
7/20/2020 17:45,14.122,20861027
7/20/2020 18:00,14.17,20861027
7/20/2020 18:15,14.266,20861027
7/20/2020 18:30,14.29,20861027
7/20/2020 18:45,14.314,20861027
7/20/2020 19:00,14.361,20861027
7/20/2020 19:15,14.409,20861027
7/20/2020 19:30,14.457,20861027
7/20/2020 19:45,14.481,20861027
7/20/2020 20:00,14.433,20861027
7/20/2020 20:15,14.385,20861027
7/20/2020 20:30,14.337,20861027
7/20/2020 20:45,14.314,20861027
7/20/2020 21:00,14.29,20861027
7/20/2020 21:15,14.29,20861027
7/20/2020 21:30,14.29,20861027
7/20/2020 21:45,14.29,20861027
7/20/2020 22:00,14.266,20861027
7/20/2020 22:15,14.242,20861027
7/20/2020 22:30,14.242,20861027
7/20/2020 22:45,14.266,20861027
7/20/2020 23:00,14.266,20861027
7/20/2020 23:15,14.242,20861027
7/20/2020 23:30,14.218,20861027
7/20/2020 23:45,14.17,20861027
7/21/2020 0:00,14.146,20861027
7/21/2020 0:15,14.098,20861027
7/21/2020 0:30,14.05,20861027
7/21/2020 0:45,13.978,20861027
7/21/2020 1:00,13.906,20861027
7/21/2020 1:15,13.858,20861027
7/21/2020 1:30,13.786,20861027
7/21/2020 1:45,13.714,20861027
7/21/2020 2:00,13.666,20861027
7/21/2020 2:15,13.594,20861027
7/21/2020 2:30,13.522,20861027
7/21/2020 2:45,13.425,20861027
7/21/2020 3:00,13.353,20861027
7/21/2020 3:15,13.281,20861027
7/21/2020 3:30,13.209,20861027
7/21/2020 3:45,13.137,20861027
7/21/2020 4:00,13.04,20861027
7/21/2020 4:15,12.944,20861027
7/21/2020 4:30,12.871,20861027
7/21/2020 4:45,12.775,20861027
7/21/2020 5:00,12.678,20861027
7/21/2020 5:15,12.606,20861027
7/21/2020 5:30,12.509,20861027
7/21/2020 5:45,12.437,20861027
7/21/2020 6:00,12.364,20861027
7/21/2020 6:15,12.292,20861027
7/21/2020 6:30,12.219,20861027
7/21/2020 6:45,12.171,20861027
7/21/2020 7:00,12.098,20861027
7/21/2020 7:15,12.05,20861027
7/21/2020 7:30,12.001,20861027
7/21/2020 7:45,11.953,20861027
7/21/2020 8:00,11.904,20861027
7/21/2020 8:15,11.88,20861027
7/21/2020 8:30,11.832,20861027
7/21/2020 8:45,11.832,20861027
7/21/2020 9:00,11.807,20861027
7/21/2020 9:15,11.807,20861027
7/21/2020 9:30,11.832,20861027
7/21/2020 9:45,11.832,20861027
7/21/2020 10:00,11.904,20861027
7/21/2020 10:15,11.977,20861027
7/21/2020 10:30,12.025,20861027
7/21/2020 10:45,12.122,20861027
7/21/2020 11:00,12.219,20861027
7/21/2020 11:15,12.34,20861027
7/21/2020 11:30,12.461,20861027
7/21/2020 11:45,12.582,20861027
7/21/2020 12:00,12.751,20861027
7/21/2020 12:15,12.896,20861027
7/21/2020 12:30,12.992,20861027
7/21/2020 12:45,13.04,20861027
7/21/2020 13:00,13.137,20861027
7/21/2020 13:15,13.233,20861027
7/21/2020 13:30,13.305,20861027
7/21/2020 13:45,13.425,20861027
7/21/2020 14:00,13.618,20861027
7/21/2020 14:15,13.762,20861027
7/21/2020 14:30,13.882,20861027
7/21/2020 14:45,14.05,20861027
7/21/2020 15:00,14.29,20861027
7/21/2020 15:15,14.457,20861027
7/21/2020 15:30,14.625,20861027
7/21/2020 15:45,14.745,20861027
7/21/2020 16:00,14.888,20861027
7/21/2020 16:15,15.008,20861027
7/21/2020 16:30,15.103,20861027
7/21/2020 16:45,15.151,20861027
7/21/2020 17:00,15.199,20861027
7/21/2020 17:15,15.247,20861027
7/21/2020 17:30,15.294,20861027
7/21/2020 17:45,15.294,20861027
7/21/2020 18:00,15.294,20861027
7/21/2020 18:15,15.318,20861027
7/21/2020 18:30,15.318,20861027
7/21/2020 18:45,15.342,20861027
7/21/2020 19:00,15.342,20861027
7/21/2020 19:15,15.342,20861027
7/21/2020 19:30,15.366,20861027
7/21/2020 19:45,15.39,20861027
7/21/2020 20:00,15.39,20861027
7/21/2020 20:15,15.366,20861027
7/21/2020 20:30,15.366,20861027
7/21/2020 20:45,15.342,20861027
7/21/2020 21:00,15.318,20861027
7/21/2020 21:15,15.294,20861027
7/21/2020 21:30,15.247,20861027
7/21/2020 21:45,15.223,20861027
7/21/2020 22:00,15.199,20861027
7/21/2020 22:15,15.175,20861027
7/21/2020 22:30,15.127,20861027
7/21/2020 22:45,15.103,20861027
7/21/2020 23:00,15.055,20861027
7/21/2020 23:15,15.008,20861027
7/21/2020 23:30,14.96,20861027
7/21/2020 23:45,14.888,20861027
7/22/2020 0:00,14.816,20861027
7/22/2020 0:15,14.745,20861027
7/22/2020 0:30,14.649,20861027
7/22/2020 0:45,14.553,20861027
7/22/2020 1:00,14.481,20861027
7/22/2020 1:15,14.385,20861027
7/22/2020 1:30,14.29,20861027
7/22/2020 1:45,14.218,20861027
7/22/2020 2:00,14.122,20861027
7/22/2020 2:15,14.026,20861027
7/22/2020 2:30,13.93,20861027
7/22/2020 2:45,13.858,20861027
7/22/2020 3:00,13.762,20861027
7/22/2020 3:15,13.666,20861027
7/22/2020 3:30,13.57,20861027
7/22/2020 3:45,13.497,20861027
7/22/2020 4:00,13.401,20861027
7/22/2020 4:15,13.305,20861027
7/22/2020 4:30,13.233,20861027
7/22/2020 4:45,13.137,20861027
7/22/2020 5:00,13.04,20861027
7/22/2020 5:15,12.944,20861027
7/22/2020 5:30,12.871,20861027
7/22/2020 5:45,12.799,20861027
7/22/2020 6:00,12.703,20861027
7/22/2020 6:15,12.63,20861027
7/22/2020 6:30,12.558,20861027
7/22/2020 6:45,12.485,20861027
7/22/2020 7:00,12.413,20861027
7/22/2020 7:15,12.364,20861027
7/22/2020 7:30,12.292,20861027
7/22/2020 7:45,12.243,20861027
7/22/2020 8:00,12.219,20861027
7/22/2020 8:15,12.171,20861027
7/22/2020 8:30,12.122,20861027
7/22/2020 8:45,12.074,20861027
7/22/2020 9:00,12.05,20861027
7/22/2020 9:15,12.001,20861027
7/22/2020 9:30,11.977,20861027
7/22/2020 9:45,11.977,20861027
7/22/2020 10:00,11.977,20861027
7/22/2020 10:15,12.001,20861027
7/22/2020 10:30,12.025,20861027
7/22/2020 10:45,12.025,20861027
7/22/2020 11:00,12.05,20861027
7/22/2020 11:15,12.05,20861027
7/22/2020 11:30,12.05,20861027
7/22/2020 11:45,12.05,20861027
7/22/2020 12:00,12.025,20861027
7/22/2020 12:15,12.025,20861027
7/22/2020 12:30,12.001,20861027
7/22/2020 12:45,12.001,20861027
7/22/2020 13:00,11.977,20861027
7/22/2020 13:15,11.953,20861027
7/22/2020 13:30,11.929,20861027
7/22/2020 13:45,11.929,20861027
7/22/2020 14:00,11.929,20861027
7/22/2020 14:15,11.904,20861027
7/22/2020 14:30,11.904,20861027
7/22/2020 14:45,11.904,20861027
7/22/2020 15:00,11.88,20861027
7/22/2020 15:15,11.88,20861027
7/22/2020 15:30,11.88,20861027
7/22/2020 15:45,11.904,20861027
7/22/2020 16:00,11.929,20861027
7/22/2020 16:15,11.929,20861027
7/22/2020 16:30,11.953,20861027
7/22/2020 16:45,12.001,20861027
7/22/2020 17:00,12.074,20861027
7/22/2020 17:15,12.147,20861027
7/22/2020 17:30,12.243,20861027
7/22/2020 17:45,12.364,20861027
7/22/2020 18:00,12.485,20861027
7/22/2020 18:15,12.558,20861027
7/22/2020 18:30,12.558,20861027
7/22/2020 18:45,12.534,20861027
7/22/2020 19:00,12.582,20861027
7/22/2020 19:15,12.606,20861027
7/22/2020 19:30,12.654,20861027
7/22/2020 19:45,12.654,20861027
7/22/2020 20:00,12.63,20861027
7/22/2020 20:15,12.582,20861027
7/22/2020 20:30,12.558,20861027
7/22/2020 20:45,12.534,20861027
7/22/2020 21:00,12.485,20861027
7/22/2020 21:15,12.437,20861027
7/22/2020 21:30,12.389,20861027
7/22/2020 21:45,12.34,20861027
7/22/2020 22:00,12.316,20861027
7/22/2020 22:15,12.268,20861027
7/22/2020 22:30,12.219,20861027
7/22/2020 22:45,12.171,20861027
7/22/2020 23:00,12.098,20861027
7/22/2020 23:15,12.025,20861027
7/22/2020 23:30,11.953,20861027
7/22/2020 23:45,11.832,20861027
7/23/2020 0:00,11.734,20861027
7/23/2020 0:15,11.662,20861027
7/23/2020 0:30,11.589,20861027
7/23/2020 0:45,11.492,20861027
7/23/2020 1:00,11.419,20861027
7/23/2020 1:15,11.346,20861027
7/23/2020 1:30,11.273,20861027
7/23/2020 1:45,11.2,20861027
7/23/2020 2:00,11.127,20861027
7/23/2020 2:15,11.078,20861027
7/23/2020 2:30,11.005,20861027
7/23/2020 2:45,10.932,20861027
7/23/2020 3:00,10.834,20861027
7/23/2020 3:15,10.785,20861027
7/23/2020 3:30,10.712,20861027
7/23/2020 3:45,10.614,20861027
7/23/2020 4:00,10.541,20861027
7/23/2020 4:15,10.467,20861027
7/23/2020 4:30,10.394,20861027
7/23/2020 4:45,10.32,20861027
7/23/2020 5:00,10.247,20861027
7/23/2020 5:15,10.173,20861027
7/23/2020 5:30,10.1,20861027
7/23/2020 5:45,10.026,20861027
7/23/2020 6:00,9.952,20861027
7/23/2020 6:15,9.879,20861027
7/23/2020 6:30,9.78,20861027
7/23/2020 6:45,9.706,20861027
7/23/2020 7:00,9.632,20861027
7/23/2020 7:15,9.558,20861027
7/23/2020 7:30,9.509,20861027
7/23/2020 7:45,9.46,20861027
7/23/2020 8:00,9.435,20861027
7/23/2020 8:15,9.41,20861027
7/23/2020 8:30,9.41,20861027
7/23/2020 8:45,9.386,20861027
7/23/2020 9:00,9.41,20861027
7/23/2020 9:15,9.435,20861027
7/23/2020 9:30,9.46,20861027
7/23/2020 9:45,9.534,20861027
7/23/2020 10:00,9.608,20861027
7/23/2020 10:15,9.682,20861027
7/23/2020 10:30,9.78,20861027
7/23/2020 10:45,9.879,20861027
7/23/2020 11:00,10.001,20861027
7/23/2020 11:15,10.124,20861027
7/23/2020 11:30,10.271,20861027
7/23/2020 11:45,10.394,20861027
7/23/2020 12:00,10.541,20861027
7/23/2020 12:15,10.687,20861027
7/23/2020 12:30,10.858,20861027
7/23/2020 12:45,11.029,20861027
7/23/2020 13:00,11.2,20861027
7/23/2020 13:15,11.37,20861027
7/23/2020 13:30,11.516,20861027
7/23/2020 13:45,11.686,20861027
7/23/2020 14:00,11.856,20861027
7/23/2020 14:15,12.05,20861027
7/23/2020 14:30,12.147,20861027
7/23/2020 14:45,12.316,20861027
7/23/2020 15:00,12.316,20861027
7/23/2020 15:15,12.34,20861027
7/23/2020 15:30,12.34,20861027
7/23/2020 15:45,12.485,20861027
7/23/2020 16:00,12.582,20861027
7/23/2020 16:15,12.606,20861027
7/23/2020 16:30,12.63,20861027
7/23/2020 16:45,12.727,20861027
7/23/2020 17:00,12.92,20861027
7/23/2020 17:15,13.064,20861027
7/23/2020 17:30,13.185,20861027
7/23/2020 17:45,13.329,20861027
7/23/2020 18:00,13.425,20861027
7/23/2020 18:15,13.497,20861027
7/23/2020 18:30,13.57,20861027
7/23/2020 18:45,13.642,20861027
7/23/2020 19:00,13.69,20861027
7/23/2020 19:15,13.666,20861027
7/23/2020 19:30,13.618,20861027
7/23/2020 19:45,13.546,20861027
7/23/2020 20:00,13.449,20861027
7/23/2020 20:15,13.353,20861027
7/23/2020 20:30,13.305,20861027
7/23/2020 20:45,13.305,20861027
7/23/2020 21:00,13.377,20861027
7/23/2020 21:15,13.473,20861027
7/23/2020 21:30,13.546,20861027
7/23/2020 21:45,13.594,20861027
7/23/2020 22:00,13.618,20861027
7/23/2020 22:15,13.618,20861027
7/23/2020 22:30,13.642,20861027
7/23/2020 22:45,13.642,20861027
7/23/2020 23:00,13.618,20861027
7/23/2020 23:15,13.618,20861027
7/23/2020 23:30,13.594,20861027
7/23/2020 23:45,13.57,20861027
7/24/2020 0:00,13.522,20861027
7/24/2020 0:15,13.497,20861027
7/24/2020 0:30,13.449,20861027
7/24/2020 0:45,13.401,20861027
7/24/2020 1:00,13.353,20861027
7/24/2020 1:15,13.305,20861027
7/24/2020 1:30,13.233,20861027
7/24/2020 1:45,13.161,20861027
7/24/2020 2:00,13.088,20861027
7/24/2020 2:15,12.992,20861027
7/24/2020 2:30,12.944,20861027
7/24/2020 2:45,12.847,20861027
7/24/2020 3:00,12.751,20861027
7/24/2020 3:15,12.654,20861027
7/24/2020 3:30,12.558,20861027
7/24/2020 3:45,12.485,20861027
7/24/2020 4:00,12.413,20861027
7/24/2020 4:15,12.34,20861027
7/24/2020 4:30,12.268,20861027
7/24/2020 4:45,12.219,20861027
7/24/2020 5:00,12.171,20861027
7/24/2020 5:15,12.122,20861027
7/24/2020 5:30,12.05,20861027
7/24/2020 5:45,12.001,20861027
7/24/2020 6:00,11.953,20861027
7/24/2020 6:15,11.904,20861027
7/24/2020 6:30,11.856,20861027
7/24/2020 6:45,11.807,20861027
7/24/2020 7:00,11.734,20861027
7/24/2020 7:15,11.686,20861027
7/24/2020 7:30,11.637,20861027
7/24/2020 7:45,11.613,20861027
7/24/2020 8:00,11.565,20861027
7/24/2020 8:15,11.54,20861027
7/24/2020 8:30,11.516,20861027
7/24/2020 8:45,11.492,20861027
7/24/2020 9:00,11.467,20861027
7/24/2020 9:15,11.443,20861027
7/24/2020 9:30,11.419,20861027
7/24/2020 9:45,11.394,20861027
7/24/2020 10:00,11.394,20861027
7/24/2020 10:15,11.346,20861027
7/24/2020 10:30,11.346,20861027
7/24/2020 10:45,11.297,20861027
7/24/2020 11:00,11.248,20861027
7/24/2020 11:15,11.224,20861027
7/24/2020 11:30,11.2,20861027
7/24/2020 11:45,11.2,20861027
7/24/2020 12:00,11.2,20861027
7/24/2020 12:15,11.2,20861027
7/24/2020 12:30,11.175,20861027
7/24/2020 12:45,11.175,20861027
7/24/2020 13:00,11.175,20861027
7/24/2020 13:15,11.2,20861027
7/24/2020 13:30,11.2,20861027
7/24/2020 13:45,11.2,20861027
7/24/2020 14:00,11.2,20861027
7/24/2020 14:15,11.224,20861027
7/24/2020 14:30,11.248,20861027
7/24/2020 14:45,11.273,20861027
7/24/2020 15:00,11.273,20861027
7/24/2020 15:15,11.273,20861027
7/24/2020 15:30,11.321,20861027
7/24/2020 15:45,11.346,20861027
7/24/2020 16:00,11.394,20861027
7/24/2020 16:15,11.443,20861027
7/24/2020 16:30,11.467,20861027
7/24/2020 16:45,11.492,20861027
7/24/2020 17:00,11.516,20861027
7/24/2020 17:15,11.54,20861027
7/24/2020 17:30,11.565,20861027
7/24/2020 17:45,11.589,20861027
7/24/2020 18:00,11.589,20861027
7/24/2020 18:15,11.589,20861027
7/24/2020 18:30,11.589,20861027
7/24/2020 18:45,11.565,20861027
7/24/2020 19:00,11.54,20861027
7/24/2020 19:15,11.54,20861027
7/24/2020 19:30,11.516,20861027
7/24/2020 19:45,11.516,20861027
7/24/2020 20:00,11.516,20861027
7/24/2020 20:15,11.516,20861027
7/24/2020 20:30,11.492,20861027
7/24/2020 20:45,11.492,20861027
7/24/2020 21:00,11.467,20861027
7/24/2020 21:15,11.467,20861027
7/24/2020 21:30,11.443,20861027
7/24/2020 21:45,11.443,20861027
7/24/2020 22:00,11.419,20861027
7/24/2020 22:15,11.394,20861027
7/24/2020 22:30,11.37,20861027
7/24/2020 22:45,11.321,20861027
7/24/2020 23:00,11.297,20861027
7/24/2020 23:15,11.273,20861027
7/24/2020 23:30,11.248,20861027
7/24/2020 23:45,11.2,20861027
7/25/2020 0:00,11.175,20861027
7/25/2020 0:15,11.151,20861027
7/25/2020 0:30,11.102,20861027
7/25/2020 0:45,11.078,20861027
7/25/2020 1:00,11.053,20861027
7/25/2020 1:15,11.005,20861027
7/25/2020 1:30,11.005,20861027
7/25/2020 1:45,10.956,20861027
7/25/2020 2:00,10.932,20861027
7/25/2020 2:15,10.907,20861027
7/25/2020 2:30,10.883,20861027
7/25/2020 2:45,10.858,20861027
7/25/2020 3:00,10.81,20861027
7/25/2020 3:15,10.785,20861027
7/25/2020 3:30,10.761,20861027
7/25/2020 3:45,10.736,20861027
7/25/2020 4:00,10.712,20861027
7/25/2020 4:15,10.663,20861027
7/25/2020 4:30,10.638,20861027
7/25/2020 4:45,10.614,20861027
7/25/2020 5:00,10.59,20861027
7/25/2020 5:15,10.565,20861027
7/25/2020 5:30,10.516,20861027
7/25/2020 5:45,10.492,20861027
7/25/2020 6:00,10.467,20861027
7/25/2020 6:15,10.443,20861027
7/25/2020 6:30,10.418,20861027
7/25/2020 6:45,10.394,20861027
7/25/2020 7:00,10.369,20861027
7/25/2020 7:15,10.345,20861027
7/25/2020 7:30,10.345,20861027
7/25/2020 7:45,10.32,20861027
7/25/2020 8:00,10.296,20861027
7/25/2020 8:15,10.296,20861027
7/25/2020 8:30,10.32,20861027
7/25/2020 8:45,10.32,20861027
7/25/2020 9:00,10.345,20861027
7/25/2020 9:15,10.345,20861027
7/25/2020 9:30,10.345,20861027
7/25/2020 9:45,10.369,20861027
7/25/2020 10:00,10.369,20861027
7/25/2020 10:15,10.418,20861027
7/25/2020 10:30,10.418,20861027
7/25/2020 10:45,10.418,20861027
7/25/2020 11:00,10.418,20861027
7/25/2020 11:15,10.443,20861027
7/25/2020 11:30,10.492,20861027
7/25/2020 11:45,10.565,20861027
7/25/2020 12:00,10.614,20861027
7/25/2020 12:15,10.712,20861027
7/25/2020 12:30,10.761,20861027
7/25/2020 12:45,10.834,20861027
7/25/2020 13:00,10.858,20861027
7/25/2020 13:15,10.883,20861027
7/25/2020 13:30,10.907,20861027
7/25/2020 13:45,10.956,20861027
7/25/2020 14:00,11.029,20861027
7/25/2020 14:15,11.102,20861027
7/25/2020 14:30,11.2,20861027
7/25/2020 14:45,11.248,20861027
7/25/2020 15:00,11.321,20861027
7/25/2020 15:15,11.394,20861027
7/25/2020 15:30,11.565,20861027
7/25/2020 15:45,11.734,20861027
7/25/2020 16:00,11.832,20861027
7/25/2020 16:15,11.904,20861027
7/25/2020 16:30,11.953,20861027
7/25/2020 16:45,12.05,20861027
7/25/2020 17:00,12.171,20861027
7/25/2020 17:15,12.219,20861027
7/25/2020 17:30,12.268,20861027
7/25/2020 17:45,12.268,20861027
7/25/2020 18:00,12.243,20861027
7/25/2020 18:15,12.243,20861027
7/25/2020 18:30,12.219,20861027
7/25/2020 18:45,12.219,20861027
7/25/2020 19:00,12.219,20861027
7/25/2020 19:15,12.219,20861027
7/25/2020 19:30,12.219,20861027
7/25/2020 19:45,12.219,20861027
7/25/2020 20:00,12.171,20861027
7/25/2020 20:15,12.147,20861027
7/25/2020 20:30,12.074,20861027
7/25/2020 20:45,12.05,20861027
7/25/2020 21:00,12.001,20861027
7/25/2020 21:15,11.977,20861027
7/25/2020 21:30,11.929,20861027
7/25/2020 21:45,11.88,20861027
7/25/2020 22:00,11.807,20861027
7/25/2020 22:15,11.734,20861027
7/25/2020 22:30,11.686,20861027
7/25/2020 22:45,11.637,20861027
7/25/2020 23:00,11.589,20861027
7/25/2020 23:15,11.565,20861027
7/25/2020 23:30,11.516,20861027
7/25/2020 23:45,11.492,20861027
7/26/2020 0:00,11.467,20861027
7/26/2020 0:15,11.443,20861027
7/26/2020 0:30,11.419,20861027
7/26/2020 0:45,11.394,20861027
7/26/2020 1:00,11.394,20861027
7/26/2020 1:15,11.346,20861027
7/26/2020 1:30,11.321,20861027
7/26/2020 1:45,11.273,20861027
7/26/2020 2:00,11.224,20861027
7/26/2020 2:15,11.175,20861027
7/26/2020 2:30,11.127,20861027
7/26/2020 2:45,11.078,20861027
7/26/2020 3:00,11.029,20861027
7/26/2020 3:15,10.98,20861027
7/26/2020 3:30,10.932,20861027
7/26/2020 3:45,10.883,20861027
7/26/2020 4:00,10.81,20861027
7/26/2020 4:15,10.785,20861027
7/26/2020 4:30,10.736,20861027
7/26/2020 4:45,10.687,20861027
7/26/2020 5:00,10.638,20861027
7/26/2020 5:15,10.565,20861027
7/26/2020 5:30,10.516,20861027
7/26/2020 5:45,10.467,20861027
7/26/2020 6:00,10.418,20861027
7/26/2020 6:15,10.369,20861027
7/26/2020 6:30,10.32,20861027
7/26/2020 6:45,10.247,20861027
7/26/2020 7:00,10.222,20861027
7/26/2020 7:15,10.173,20861027
7/26/2020 7:30,10.149,20861027
7/26/2020 7:45,10.149,20861027
7/26/2020 8:00,10.149,20861027
7/26/2020 8:15,10.124,20861027
7/26/2020 8:30,10.124,20861027
7/26/2020 8:45,10.124,20861027
7/26/2020 9:00,10.124,20861027
7/26/2020 9:15,10.149,20861027
7/26/2020 9:30,10.173,20861027
7/26/2020 9:45,10.173,20861027
7/26/2020 10:00,10.222,20861027
7/26/2020 10:15,10.247,20861027
7/26/2020 10:30,10.271,20861027
7/26/2020 10:45,10.345,20861027
7/26/2020 11:00,10.394,20861027
7/26/2020 11:15,10.492,20861027
7/26/2020 11:30,10.614,20861027
7/26/2020 11:45,10.736,20861027
7/26/2020 12:00,10.736,20861027
7/26/2020 12:15,10.761,20861027
7/26/2020 12:30,10.907,20861027
7/26/2020 12:45,11.248,20861027
7/26/2020 13:00,11.492,20861027
7/26/2020 13:15,11.54,20861027
7/26/2020 13:30,11.686,20861027
7/26/2020 13:45,11.734,20861027
7/26/2020 14:00,11.832,20861027
7/26/2020 14:15,11.953,20861027
7/26/2020 14:30,12.098,20861027
7/26/2020 14:45,12.268,20861027
7/26/2020 15:00,12.364,20861027
7/26/2020 15:15,12.413,20861027
7/26/2020 15:30,12.437,20861027
7/26/2020 15:45,12.485,20861027
7/26/2020 16:00,12.509,20861027
7/26/2020 16:15,12.654,20861027
7/26/2020 16:30,12.775,20861027
7/26/2020 16:45,12.823,20861027
7/26/2020 17:00,12.896,20861027
7/26/2020 17:15,12.992,20861027
7/26/2020 17:30,13.112,20861027
7/26/2020 17:45,13.185,20861027
7/26/2020 18:00,13.161,20861027
7/26/2020 18:15,13.161,20861027
7/26/2020 18:30,13.185,20861027
7/26/2020 18:45,13.233,20861027
7/26/2020 19:00,13.281,20861027
7/26/2020 19:15,13.257,20861027
7/26/2020 19:30,13.209,20861027
7/26/2020 19:45,13.185,20861027
7/26/2020 20:00,13.161,20861027
7/26/2020 20:15,13.112,20861027
7/26/2020 20:30,13.016,20861027
7/26/2020 20:45,12.896,20861027
7/26/2020 21:00,12.775,20861027
7/26/2020 21:15,12.63,20861027
7/26/2020 21:30,12.534,20861027
7/26/2020 21:45,12.485,20861027
7/26/2020 22:00,12.461,20861027
7/26/2020 22:15,12.485,20861027
7/26/2020 22:30,12.485,20861027
7/26/2020 22:45,12.437,20861027
7/26/2020 23:00,12.364,20861027
7/26/2020 23:15,12.292,20861027
7/26/2020 23:30,12.219,20861027
7/26/2020 23:45,12.147,20861027
7/27/2020 0:00,12.05,20861027
7/27/2020 0:15,11.977,20861027
7/27/2020 0:30,11.88,20861027
7/27/2020 0:45,11.783,20861027
7/27/2020 1:00,11.71,20861027
7/27/2020 1:15,11.637,20861027
7/27/2020 1:30,11.589,20861027
7/27/2020 1:45,11.54,20861027
7/27/2020 2:00,11.516,20861027
7/27/2020 2:15,11.467,20861027
7/27/2020 2:30,11.419,20861027
7/27/2020 2:45,11.346,20861027
7/27/2020 3:00,11.248,20861027
7/27/2020 3:15,11.151,20861027
7/27/2020 3:30,11.053,20861027
7/27/2020 3:45,10.956,20861027
7/27/2020 4:00,10.858,20861027
7/27/2020 4:15,10.761,20861027
7/27/2020 4:30,10.638,20861027
7/27/2020 4:45,10.516,20861027
7/27/2020 5:00,10.418,20861027
7/27/2020 5:15,10.296,20861027
7/27/2020 5:30,10.198,20861027
7/27/2020 5:45,10.075,20861027
7/27/2020 6:00,9.977,20861027
7/27/2020 6:15,9.879,20861027
7/27/2020 6:30,9.805,20861027
7/27/2020 6:45,9.706,20861027
7/27/2020 7:00,9.632,20861027
7/27/2020 7:15,9.534,20861027
7/27/2020 7:30,9.485,20861027
7/27/2020 7:45,9.435,20861027
7/27/2020 8:00,9.361,20861027
7/27/2020 8:15,9.336,20861027
7/27/2020 8:30,9.312,20861027
7/27/2020 8:45,9.287,20861027
7/27/2020 9:00,9.287,20861027
7/27/2020 9:15,9.287,20861027
7/27/2020 9:30,9.336,20861027
7/27/2020 9:45,9.361,20861027
7/27/2020 10:00,9.435,20861027
7/27/2020 10:15,9.485,20861027
7/27/2020 10:30,9.558,20861027
7/27/2020 10:45,9.657,20861027
7/27/2020 11:00,9.756,20861027
7/27/2020 11:15,9.879,20861027
7/27/2020 11:30,10.026,20861027
7/27/2020 11:45,10.173,20861027
7/27/2020 12:00,10.32,20861027
7/27/2020 12:15,10.467,20861027
7/27/2020 12:30,10.638,20861027
7/27/2020 12:45,10.81,20861027
7/27/2020 13:00,10.858,20861027
7/27/2020 13:15,11.005,20861027
7/27/2020 13:30,11.127,20861027
7/27/2020 13:45,11.224,20861027
7/27/2020 14:00,11.394,20861027
7/27/2020 14:15,11.589,20861027
7/27/2020 14:30,11.759,20861027
7/27/2020 14:45,11.929,20861027
7/27/2020 15:00,12.074,20861027
7/27/2020 15:15,12.219,20861027
7/27/2020 15:30,12.364,20861027
7/27/2020 15:45,12.534,20861027
7/27/2020 16:00,12.703,20861027
7/27/2020 16:15,12.896,20861027
7/27/2020 16:30,13.064,20861027
7/27/2020 16:45,13.161,20861027
7/27/2020 17:00,13.281,20861027
7/27/2020 17:15,13.377,20861027
7/27/2020 17:30,13.449,20861027
7/27/2020 17:45,13.522,20861027
7/27/2020 18:00,13.57,20861027
7/27/2020 18:15,13.642,20861027
7/27/2020 18:30,13.666,20861027
7/27/2020 18:45,13.69,20861027
7/27/2020 19:00,13.714,20861027
7/27/2020 19:15,13.714,20861027
7/27/2020 19:30,13.714,20861027
7/27/2020 19:45,13.714,20861027
7/27/2020 20:00,13.714,20861027
7/27/2020 20:15,13.714,20861027
7/27/2020 20:30,13.714,20861027
7/27/2020 20:45,13.714,20861027
7/27/2020 21:00,13.69,20861027
7/27/2020 21:15,13.666,20861027
7/27/2020 21:30,13.642,20861027
7/27/2020 21:45,13.618,20861027
7/27/2020 22:00,13.618,20861027
7/27/2020 22:15,13.57,20861027
7/27/2020 22:30,13.522,20861027
7/27/2020 22:45,13.473,20861027
7/27/2020 23:00,13.425,20861027
7/27/2020 23:15,13.353,20861027
7/27/2020 23:30,13.257,20861027
7/27/2020 23:45,13.185,20861027
7/28/2020 0:00,13.088,20861027
7/28/2020 0:15,13.016,20861027
7/28/2020 0:30,12.92,20861027
7/28/2020 0:45,12.823,20861027
7/28/2020 1:00,12.751,20861027
7/28/2020 1:15,12.654,20861027
7/28/2020 1:30,12.558,20861027
7/28/2020 1:45,12.461,20861027
7/28/2020 2:00,12.364,20861027
7/28/2020 2:15,12.268,20861027
7/28/2020 2:30,12.195,20861027
7/28/2020 2:45,12.098,20861027
7/28/2020 3:00,12.025,20861027
7/28/2020 3:15,11.929,20861027
7/28/2020 3:30,11.856,20861027
7/28/2020 3:45,11.783,20861027
7/28/2020 4:00,11.686,20861027
7/28/2020 4:15,11.637,20861027
7/28/2020 4:30,11.54,20861027
7/28/2020 4:45,11.467,20861027
7/28/2020 5:00,11.394,20861027
7/28/2020 5:15,11.297,20861027
7/28/2020 5:30,11.2,20861027
7/28/2020 5:45,11.102,20861027
7/28/2020 6:00,11.005,20861027
7/28/2020 6:15,10.907,20861027
7/28/2020 6:30,10.834,20861027
7/28/2020 6:45,10.761,20861027
7/28/2020 7:00,10.663,20861027
7/28/2020 7:15,10.614,20861027
7/28/2020 7:30,10.541,20861027
7/28/2020 7:45,10.492,20861027
7/28/2020 8:00,10.418,20861027
7/28/2020 8:15,10.369,20861027
7/28/2020 8:30,10.32,20861027
7/28/2020 8:45,10.296,20861027
7/28/2020 9:00,10.247,20861027
7/28/2020 9:15,10.222,20861027
7/28/2020 9:30,10.222,20861027
7/28/2020 9:45,10.247,20861027
7/28/2020 10:00,10.271,20861027
7/28/2020 10:15,10.32,20861027
7/28/2020 10:30,10.394,20861027
7/28/2020 10:45,10.467,20861027
7/28/2020 11:00,14.577,20861027
7/28/2020 11:15,22.848,20861027
7/28/2020 11:30,24.484,20861027
7/28/2020 11:45,23.93,20861027
7/28/2020 12:00,25.258,20861027
7/28/2020 12:15,24.243,20861027
7/28/2020 12:30,23.954,20861027
7/28/2020 12:45,26.304,20861027
7/28/2020 13:00,28.023,20861027
7/28/2020 13:15,29.215,20861027
7/28/2020 13:30,36.933,20861027
7/28/2020 13:45,34.019,20861027
7/28/2020 14:00,34.73,20861027
7/28/2020 14:15,34.492,20861027
7/28/2020 14:30,36.417,20861027
7/28/2020 14:45,37.069,20861027
7/28/2020 15:00,37.178,20861027
7/28/2020 15:15,35.877,20861027
7/28/2020 15:30,35.662,20861027
7/28/2020 15:45,33.287,20861027
7/28/2020 16:00,29.414,20861027
7/28/2020 16:15,26.818,20861027
7/28/2020 16:30,25.258,20861027
